IP地址,端口,TLS,数据中心,地区,城市,网络延迟,下载速度
162.159.142.7,8443,true,HKG,Asia Pacific,Hong Kong,48 ms,6398 kB/s
162.159.142.20,8443,true,HKG,Asia Pacific,Hong Kong,48 ms,5950 kB/s
162.159.142.10,8443,true,HKG,Asia Pacific,Hong Kong,51 ms,5912 kB/s
162.159.138.79,8443,true,HKG,Asia Pacific,Hong Kong,200 ms,5783 kB/s
162.159.142.19,8443,true,HKG,Asia Pacific,Hong Kong,53 ms,5498 kB/s
162.159.142.5,8443,true,HKG,Asia Pacific,Hong Kong,52 ms,5365 kB/s
162.159.138.146,8443,true,HKG,Asia Pacific,Hong Kong,50 ms,5299 kB/s
162.159.138.36,8443,true,HKG,Asia Pacific,Hong Kong,149 ms,5251 kB/s
162.159.138.85,8443,true,HKG,Asia Pacific,Hong Kong,76 ms,5114 kB/s
162.159.138.122,8443,true,HKG,Asia Pacific,Hong Kong,74 ms,5106 kB/s
162.159.142.36,8443,true,HKG,Asia Pacific,Hong Kong,55 ms,5013 kB/s
162.159.142.29,8443,true,HKG,Asia Pacific,Hong Kong,55 ms,5009 kB/s
162.159.138.103,8443,true,HKG,Asia Pacific,Hong Kong,66 ms,5005 kB/s
162.159.142.15,8443,true,HKG,Asia Pacific,Hong Kong,49 ms,4959 kB/s
162.159.142.89,8443,true,HKG,Asia Pacific,Hong Kong,71 ms,4954 kB/s
162.159.140.242,8443,true,HKG,Asia Pacific,Hong Kong,68 ms,4949 kB/s
162.159.142.1,8443,true,HKG,Asia Pacific,Hong Kong,51 ms,4939 kB/s
162.159.142.56,8443,true,HKG,Asia Pacific,Hong Kong,62 ms,4934 kB/s
162.159.140.213,8443,true,HKG,Asia Pacific,Hong Kong,52 ms,4873 kB/s
162.159.138.238,8443,true,HKG,Asia Pacific,Hong Kong,46 ms,4854 kB/s
162.159.138.226,8443,true,HKG,Asia Pacific,Hong Kong,51 ms,4820 kB/s
162.159.138.64,8443,true,HKG,Asia Pacific,Hong Kong,62 ms,4746 kB/s
162.159.138.251,8443,true,HKG,Asia Pacific,Hong Kong,110 ms,4698 kB/s
162.159.140.227,8443,true,HKG,Asia Pacific,Hong Kong,96 ms,4691 kB/s
162.159.138.63,8443,true,HKG,Asia Pacific,Hong Kong,83 ms,4663 kB/s
162.159.138.185,8443,true,HKG,Asia Pacific,Hong Kong,49 ms,4663 kB/s
162.159.138.22,8443,true,HKG,Asia Pacific,Hong Kong,53 ms,4653 kB/s
104.19.103.27,8443,true,SJC,North America,San Jose,202 ms,4638 kB/s
162.159.142.3,8443,true,HKG,Asia Pacific,Hong Kong,49 ms,4610 kB/s
162.159.138.161,8443,true,HKG,Asia Pacific,Hong Kong,50 ms,4580 kB/s
162.159.138.115,8443,true,HKG,Asia Pacific,Hong Kong,61 ms,4574 kB/s
162.159.138.131,8443,true,HKG,Asia Pacific,Hong Kong,69 ms,4520 kB/s
162.159.142.59,8443,true,HKG,Asia Pacific,Hong Kong,50 ms,4517 kB/s
162.159.138.195,8443,true,HKG,Asia Pacific,Hong Kong,52 ms,4484 kB/s
162.159.138.220,8443,true,HKG,Asia Pacific,Hong Kong,66 ms,4481 kB/s
162.159.138.27,8443,true,HKG,Asia Pacific,Hong Kong,76 ms,4468 kB/s
162.159.138.84,8443,true,HKG,Asia Pacific,Hong Kong,97 ms,4446 kB/s
162.159.138.183,8443,true,HKG,Asia Pacific,Hong Kong,68 ms,4445 kB/s
162.159.138.16,8443,true,HKG,Asia Pacific,Hong Kong,50 ms,4443 kB/s
162.159.138.214,8443,true,HKG,Asia Pacific,Hong Kong,44 ms,4416 kB/s
162.159.138.26,8443,true,HKG,Asia Pacific,Hong Kong,139 ms,4402 kB/s
162.159.138.41,8443,true,HKG,Asia Pacific,Hong Kong,143 ms,4391 kB/s
162.159.138.204,8443,true,HKG,Asia Pacific,Hong Kong,114 ms,4353 kB/s
162.159.140.215,8443,true,HKG,Asia Pacific,Hong Kong,51 ms,4347 kB/s
162.159.142.4,8443,true,HKG,Asia Pacific,Hong Kong,49 ms,4344 kB/s
162.159.138.134,8443,true,HKG,Asia Pacific,Hong Kong,89 ms,4339 kB/s
162.159.142.24,8443,true,HKG,Asia Pacific,Hong Kong,48 ms,4335 kB/s
162.159.138.252,8443,true,HKG,Asia Pacific,Hong Kong,111 ms,4314 kB/s
162.159.140.217,8443,true,HKG,Asia Pacific,Hong Kong,47 ms,4313 kB/s
162.159.138.170,8443,true,HKG,Asia Pacific,Hong Kong,51 ms,4299 kB/s
162.159.138.156,8443,true,HKG,Asia Pacific,Hong Kong,52 ms,4264 kB/s
162.159.138.181,8443,true,HKG,Asia Pacific,Hong Kong,55 ms,4261 kB/s
162.159.138.21,8443,true,HKG,Asia Pacific,Hong Kong,55 ms,4250 kB/s
162.159.138.126,8443,true,HKG,Asia Pacific,Hong Kong,226 ms,4249 kB/s
162.159.138.215,8443,true,HKG,Asia Pacific,Hong Kong,50 ms,4230 kB/s
162.159.142.0,8443,true,HKG,Asia Pacific,Hong Kong,49 ms,4201 kB/s
162.159.140.77,8443,true,HKG,Asia Pacific,Hong Kong,51 ms,4196 kB/s
162.159.140.112,8443,true,HKG,Asia Pacific,Hong Kong,150 ms,4186 kB/s
162.159.138.153,8443,true,HKG,Asia Pacific,Hong Kong,47 ms,4179 kB/s
162.159.138.76,8443,true,HKG,Asia Pacific,Hong Kong,61 ms,4177 kB/s
162.159.140.179,8443,true,HKG,Asia Pacific,Hong Kong,83 ms,4176 kB/s
162.159.138.179,8443,true,HKG,Asia Pacific,Hong Kong,53 ms,4174 kB/s
162.159.142.13,8443,true,HKG,Asia Pacific,Hong Kong,52 ms,4154 kB/s
104.19.104.6,8443,true,LAX,North America,Los Angeles,217 ms,4142 kB/s
162.159.138.247,8443,true,HKG,Asia Pacific,Hong Kong,47 ms,4120 kB/s
162.159.142.78,8443,true,HKG,Asia Pacific,Hong Kong,73 ms,4110 kB/s
162.159.142.26,8443,true,HKG,Asia Pacific,Hong Kong,57 ms,4085 kB/s
162.159.138.34,8443,true,HKG,Asia Pacific,Hong Kong,61 ms,4084 kB/s
104.19.104.31,8443,true,LAX,North America,Los Angeles,205 ms,4076 kB/s
162.159.140.143,8443,true,HKG,Asia Pacific,Hong Kong,57 ms,4072 kB/s
162.159.138.197,8443,true,HKG,Asia Pacific,Hong Kong,50 ms,4058 kB/s
162.159.140.171,8443,true,HKG,Asia Pacific,Hong Kong,94 ms,4050 kB/s
162.159.138.168,8443,true,HKG,Asia Pacific,Hong Kong,51 ms,4048 kB/s
104.19.103.193,8443,true,LAX,North America,Los Angeles,202 ms,4018 kB/s
104.19.103.143,8443,true,LAX,North America,Los Angeles,190 ms,4015 kB/s
162.159.138.3,8443,true,HKG,Asia Pacific,Hong Kong,58 ms,4013 kB/s
162.159.140.138,8443,true,HKG,Asia Pacific,Hong Kong,74 ms,4009 kB/s
162.159.142.44,8443,true,HKG,Asia Pacific,Hong Kong,58 ms,4007 kB/s
162.159.140.129,8443,true,HKG,Asia Pacific,Hong Kong,59 ms,4003 kB/s
162.159.140.27,8443,true,HKG,Asia Pacific,Hong Kong,184 ms,3996 kB/s
162.159.140.177,8443,true,HKG,Asia Pacific,Hong Kong,139 ms,3987 kB/s
162.159.138.11,8443,true,HKG,Asia Pacific,Hong Kong,137 ms,3941 kB/s
104.19.103.189,8443,true,LAX,North America,Los Angeles,218 ms,3941 kB/s
162.159.140.2,8443,true,HKG,Asia Pacific,Hong Kong,53 ms,3933 kB/s
104.19.103.58,8443,true,LAX,North America,Los Angeles,204 ms,3928 kB/s
104.19.103.168,8443,true,LAX,North America,Los Angeles,209 ms,3916 kB/s
162.159.140.72,8443,true,HKG,Asia Pacific,Hong Kong,72 ms,3915 kB/s
162.159.140.128,8443,true,HKG,Asia Pacific,Hong Kong,90 ms,3910 kB/s
162.159.140.23,8443,true,HKG,Asia Pacific,Hong Kong,64 ms,3907 kB/s
162.159.140.219,8443,true,HKG,Asia Pacific,Hong Kong,46 ms,3906 kB/s
162.159.142.140,8443,true,HKG,Asia Pacific,Hong Kong,48 ms,3905 kB/s
162.159.138.235,8443,true,HKG,Asia Pacific,Hong Kong,142 ms,3898 kB/s
104.19.103.180,8443,true,LAX,North America,Los Angeles,219 ms,3898 kB/s
162.159.142.25,8443,true,HKG,Asia Pacific,Hong Kong,60 ms,3886 kB/s
162.159.142.164,8443,true,HKG,Asia Pacific,Hong Kong,47 ms,3878 kB/s
162.159.138.89,8443,true,HKG,Asia Pacific,Hong Kong,54 ms,3878 kB/s
162.159.140.104,8443,true,HKG,Asia Pacific,Hong Kong,169 ms,3863 kB/s
162.159.142.215,8443,true,HKG,Asia Pacific,Hong Kong,83 ms,3860 kB/s
162.159.140.160,8443,true,HKG,Asia Pacific,Hong Kong,94 ms,3851 kB/s
162.159.142.2,8443,true,HKG,Asia Pacific,Hong Kong,57 ms,3835 kB/s
104.19.103.164,8443,true,SJC,North America,San Jose,210 ms,3826 kB/s
162.159.142.123,8443,true,HKG,Asia Pacific,Hong Kong,72 ms,3802 kB/s
162.159.140.186,8443,true,HKG,Asia Pacific,Hong Kong,88 ms,3802 kB/s
162.159.138.233,8443,true,HKG,Asia Pacific,Hong Kong,126 ms,3795 kB/s
162.159.138.68,8443,true,HKG,Asia Pacific,Hong Kong,55 ms,3787 kB/s
162.159.142.245,8443,true,HKG,Asia Pacific,Hong Kong,55 ms,3780 kB/s
162.159.138.234,8443,true,HKG,Asia Pacific,Hong Kong,132 ms,3776 kB/s
162.159.142.71,8443,true,HKG,Asia Pacific,Hong Kong,49 ms,3776 kB/s
104.19.103.172,8443,true,LAX,North America,Los Angeles,194 ms,3774 kB/s
162.159.140.141,8443,true,HKG,Asia Pacific,Hong Kong,70 ms,3768 kB/s
162.159.140.7,8443,true,HKG,Asia Pacific,Hong Kong,58 ms,3755 kB/s
162.159.140.248,8443,true,HKG,Asia Pacific,Hong Kong,51 ms,3752 kB/s
162.159.140.85,8443,true,HKG,Asia Pacific,Hong Kong,57 ms,3746 kB/s
162.159.140.125,8443,true,HKG,Asia Pacific,Hong Kong,65 ms,3739 kB/s
162.159.142.91,8443,true,HKG,Asia Pacific,Hong Kong,124 ms,3734 kB/s
162.159.140.180,8443,true,HKG,Asia Pacific,Hong Kong,76 ms,3733 kB/s
104.19.103.106,8443,true,LAX,North America,Los Angeles,204 ms,3732 kB/s
104.19.103.40,8443,true,LAX,North America,Los Angeles,215 ms,3731 kB/s
162.159.142.250,8443,true,HKG,Asia Pacific,Hong Kong,76 ms,3706 kB/s
162.159.142.224,8443,true,HKG,Asia Pacific,Hong Kong,87 ms,3687 kB/s
162.159.142.103,8443,true,HKG,Asia Pacific,Hong Kong,186 ms,3687 kB/s
162.159.140.187,8443,true,HKG,Asia Pacific,Hong Kong,98 ms,3680 kB/s
162.159.138.117,8443,true,HKG,Asia Pacific,Hong Kong,51 ms,3644 kB/s
104.19.104.250,8443,true,LAX,North America,Los Angeles,206 ms,3642 kB/s
162.159.138.38,8443,true,HKG,Asia Pacific,Hong Kong,98 ms,3642 kB/s
162.159.140.153,8443,true,HKG,Asia Pacific,Hong Kong,53 ms,3639 kB/s
162.159.142.42,8443,true,HKG,Asia Pacific,Hong Kong,49 ms,3637 kB/s
162.159.142.102,8443,true,HKG,Asia Pacific,Hong Kong,290 ms,3637 kB/s
104.19.103.43,8443,true,LAX,North America,Los Angeles,181 ms,3627 kB/s
162.159.140.168,8443,true,HKG,Asia Pacific,Hong Kong,79 ms,3626 kB/s
162.159.140.169,8443,true,HKG,Asia Pacific,Hong Kong,74 ms,3616 kB/s
162.159.142.82,8443,true,HKG,Asia Pacific,Hong Kong,50 ms,3612 kB/s
104.19.103.15,8443,true,LAX,North America,Los Angeles,193 ms,3612 kB/s
162.159.142.114,8443,true,HKG,Asia Pacific,Hong Kong,59 ms,3609 kB/s
162.159.140.214,8443,true,HKG,Asia Pacific,Hong Kong,70 ms,3608 kB/s
104.19.103.54,8443,true,LAX,North America,Los Angeles,196 ms,3606 kB/s
162.159.140.67,8443,true,HKG,Asia Pacific,Hong Kong,93 ms,3605 kB/s
162.159.140.232,8443,true,HKG,Asia Pacific,Hong Kong,49 ms,3600 kB/s
162.159.140.221,8443,true,HKG,Asia Pacific,Hong Kong,45 ms,3598 kB/s
162.159.140.3,8443,true,HKG,Asia Pacific,Hong Kong,54 ms,3598 kB/s
162.159.142.83,8443,true,HKG,Asia Pacific,Hong Kong,85 ms,3598 kB/s
162.159.140.218,8443,true,HKG,Asia Pacific,Hong Kong,52 ms,3573 kB/s
162.159.140.251,8443,true,HKG,Asia Pacific,Hong Kong,69 ms,3563 kB/s
104.19.103.12,8443,true,LAX,North America,Los Angeles,194 ms,3559 kB/s
162.159.142.121,8443,true,HKG,Asia Pacific,Hong Kong,71 ms,3554 kB/s
162.159.140.246,8443,true,HKG,Asia Pacific,Hong Kong,51 ms,3553 kB/s
162.159.142.62,8443,true,HKG,Asia Pacific,Hong Kong,51 ms,3551 kB/s
104.19.104.10,8443,true,LAX,North America,Los Angeles,212 ms,3545 kB/s
104.19.104.40,8443,true,LAX,North America,Los Angeles,225 ms,3543 kB/s
162.159.142.165,8443,true,HKG,Asia Pacific,Hong Kong,55 ms,3541 kB/s
162.159.140.161,8443,true,HKG,Asia Pacific,Hong Kong,148 ms,3539 kB/s
162.159.140.135,8443,true,HKG,Asia Pacific,Hong Kong,59 ms,3536 kB/s
162.159.140.136,8443,true,HKG,Asia Pacific,Hong Kong,55 ms,3535 kB/s
162.159.138.250,8443,true,HKG,Asia Pacific,Hong Kong,71 ms,3534 kB/s
162.159.142.96,8443,true,HKG,Asia Pacific,Hong Kong,191 ms,3532 kB/s
162.159.140.19,8443,true,HKG,Asia Pacific,Hong Kong,57 ms,3521 kB/s
162.159.140.150,8443,true,HKG,Asia Pacific,Hong Kong,55 ms,3521 kB/s
162.159.140.97,8443,true,HKG,Asia Pacific,Hong Kong,53 ms,3520 kB/s
162.159.142.21,8443,true,HKG,Asia Pacific,Hong Kong,51 ms,3517 kB/s
162.159.138.244,8443,true,HKG,Asia Pacific,Hong Kong,59 ms,3514 kB/s
162.159.138.166,8443,true,HKG,Asia Pacific,Hong Kong,52 ms,3511 kB/s
162.159.140.127,8443,true,HKG,Asia Pacific,Hong Kong,63 ms,3509 kB/s
104.19.103.67,8443,true,LAX,North America,Los Angeles,204 ms,3507 kB/s
162.159.142.175,8443,true,HKG,Asia Pacific,Hong Kong,60 ms,3507 kB/s
162.159.140.79,8443,true,HKG,Asia Pacific,Hong Kong,64 ms,3504 kB/s
162.159.138.192,8443,true,HKG,Asia Pacific,Hong Kong,149 ms,3502 kB/s
162.159.140.165,8443,true,HKG,Asia Pacific,Hong Kong,76 ms,3502 kB/s
162.159.142.115,8443,true,HKG,Asia Pacific,Hong Kong,52 ms,3485 kB/s
162.159.138.4,8443,true,HKG,Asia Pacific,Hong Kong,49 ms,3484 kB/s
162.159.140.38,8443,true,HKG,Asia Pacific,Hong Kong,49 ms,3481 kB/s
104.19.103.147,8443,true,LAX,North America,Los Angeles,198 ms,3478 kB/s
162.159.140.170,8443,true,HKG,Asia Pacific,Hong Kong,77 ms,3469 kB/s
162.159.140.158,8443,true,HKG,Asia Pacific,Hong Kong,52 ms,3465 kB/s
162.159.140.192,8443,true,HKG,Asia Pacific,Hong Kong,47 ms,3465 kB/s
104.19.104.76,8443,true,LAX,North America,Los Angeles,226 ms,3451 kB/s
162.159.140.235,8443,true,HKG,Asia Pacific,Hong Kong,54 ms,3448 kB/s
104.19.103.183,8443,true,LAX,North America,Los Angeles,217 ms,3445 kB/s
162.159.142.14,8443,true,HKG,Asia Pacific,Hong Kong,55 ms,3445 kB/s
162.159.142.173,8443,true,HKG,Asia Pacific,Hong Kong,52 ms,3443 kB/s
162.159.140.144,8443,true,HKG,Asia Pacific,Hong Kong,64 ms,3443 kB/s
162.159.138.188,8443,true,HKG,Asia Pacific,Hong Kong,47 ms,3442 kB/s
162.159.138.112,8443,true,HKG,Asia Pacific,Hong Kong,51 ms,3436 kB/s
162.159.142.22,8443,true,HKG,Asia Pacific,Hong Kong,44 ms,3435 kB/s
104.19.103.72,8443,true,LAX,North America,Los Angeles,200 ms,3430 kB/s
104.19.103.35,8443,true,LAX,North America,Los Angeles,208 ms,3428 kB/s
162.159.138.201,8443,true,HKG,Asia Pacific,Hong Kong,122 ms,3422 kB/s
104.19.103.187,8443,true,LAX,North America,Los Angeles,205 ms,3412 kB/s
104.19.103.192,8443,true,LAX,North America,Los Angeles,184 ms,3409 kB/s
162.159.142.166,8443,true,HKG,Asia Pacific,Hong Kong,65 ms,3409 kB/s
162.159.142.223,8443,true,HKG,Asia Pacific,Hong Kong,63 ms,3406 kB/s
162.159.138.48,8443,true,HKG,Asia Pacific,Hong Kong,112 ms,3405 kB/s
162.159.142.9,8443,true,HKG,Asia Pacific,Hong Kong,47 ms,3394 kB/s
162.159.138.108,8443,true,HKG,Asia Pacific,Hong Kong,49 ms,3393 kB/s
162.159.142.17,8443,true,HKG,Asia Pacific,Hong Kong,53 ms,3392 kB/s
162.159.138.194,8443,true,HKG,Asia Pacific,Hong Kong,159 ms,3391 kB/s
162.159.140.1,8443,true,HKG,Asia Pacific,Hong Kong,52 ms,3388 kB/s
162.159.140.252,8443,true,HKG,Asia Pacific,Hong Kong,59 ms,3387 kB/s
162.159.140.164,8443,true,HKG,Asia Pacific,Hong Kong,83 ms,3383 kB/s
162.159.140.118,8443,true,HKG,Asia Pacific,Hong Kong,59 ms,3382 kB/s
104.19.103.104,8443,true,LAX,North America,Los Angeles,208 ms,3381 kB/s
162.159.140.28,8443,true,HKG,Asia Pacific,Hong Kong,58 ms,3380 kB/s
104.19.104.145,8443,true,LAX,North America,Los Angeles,195 ms,3378 kB/s
162.159.140.106,8443,true,HKG,Asia Pacific,Hong Kong,58 ms,3376 kB/s
104.19.103.115,8443,true,SJC,North America,San Jose,170 ms,3376 kB/s
162.159.140.5,8443,true,HKG,Asia Pacific,Hong Kong,89 ms,3375 kB/s
104.19.104.153,8443,true,LAX,North America,Los Angeles,195 ms,3374 kB/s
162.159.138.1,8443,true,HKG,Asia Pacific,Hong Kong,52 ms,3373 kB/s
162.159.142.100,8443,true,HKG,Asia Pacific,Hong Kong,163 ms,3372 kB/s
162.159.142.170,8443,true,HKG,Asia Pacific,Hong Kong,60 ms,3371 kB/s
104.19.103.148,8443,true,LAX,North America,Los Angeles,194 ms,3369 kB/s
104.19.103.124,8443,true,SJC,North America,San Jose,227 ms,3368 kB/s
162.159.140.88,8443,true,HKG,Asia Pacific,Hong Kong,94 ms,3366 kB/s
162.159.140.66,8443,true,HKG,Asia Pacific,Hong Kong,54 ms,3366 kB/s
162.159.140.45,8443,true,HKG,Asia Pacific,Hong Kong,56 ms,3363 kB/s
104.19.103.74,8443,true,SJC,North America,San Jose,148 ms,3361 kB/s
104.19.103.141,8443,true,LAX,North America,Los Angeles,214 ms,3360 kB/s
104.19.103.24,8443,true,LAX,North America,Los Angeles,201 ms,3360 kB/s
162.159.142.181,8443,true,HKG,Asia Pacific,Hong Kong,67 ms,3360 kB/s
162.159.140.172,8443,true,HKG,Asia Pacific,Hong Kong,113 ms,3359 kB/s
162.159.142.58,8443,true,HKG,Asia Pacific,Hong Kong,56 ms,3359 kB/s
162.159.140.223,8443,true,HKG,Asia Pacific,Hong Kong,51 ms,3358 kB/s
162.159.138.254,8443,true,HKG,Asia Pacific,Hong Kong,51 ms,3355 kB/s
162.159.142.107,8443,true,HKG,Asia Pacific,Hong Kong,56 ms,3352 kB/s
162.159.140.20,8443,true,HKG,Asia Pacific,Hong Kong,50 ms,3350 kB/s
104.19.103.134,8443,true,LAX,North America,Los Angeles,217 ms,3348 kB/s
104.19.103.232,8443,true,SJC,North America,San Jose,212 ms,3345 kB/s
162.159.142.138,8443,true,HKG,Asia Pacific,Hong Kong,46 ms,3343 kB/s
162.159.138.249,8443,true,HKG,Asia Pacific,Hong Kong,85 ms,3341 kB/s
162.159.140.197,8443,true,HKG,Asia Pacific,Hong Kong,55 ms,3341 kB/s
162.159.142.51,8443,true,HKG,Asia Pacific,Hong Kong,54 ms,3339 kB/s
162.159.140.17,8443,true,HKG,Asia Pacific,Hong Kong,58 ms,3338 kB/s
104.19.104.42,8443,true,LAX,North America,Los Angeles,209 ms,3336 kB/s
162.159.140.226,8443,true,HKG,Asia Pacific,Hong Kong,66 ms,3335 kB/s
162.159.142.48,8443,true,HKG,Asia Pacific,Hong Kong,54 ms,3322 kB/s
162.159.138.240,8443,true,HKG,Asia Pacific,Hong Kong,68 ms,3319 kB/s
162.159.140.190,8443,true,HKG,Asia Pacific,Hong Kong,52 ms,3315 kB/s
162.159.138.118,8443,true,HKG,Asia Pacific,Hong Kong,90 ms,3314 kB/s
104.19.103.39,8443,true,SJC,North America,San Jose,183 ms,3308 kB/s
162.159.142.131,8443,true,HKG,Asia Pacific,Hong Kong,61 ms,3308 kB/s
104.19.103.86,8443,true,LAX,North America,Los Angeles,197 ms,3306 kB/s
104.19.103.213,8443,true,LAX,North America,Los Angeles,196 ms,3304 kB/s
162.159.140.198,8443,true,HKG,Asia Pacific,Hong Kong,135 ms,3297 kB/s
162.159.138.149,8443,true,HKG,Asia Pacific,Hong Kong,56 ms,3296 kB/s
162.159.138.155,8443,true,HKG,Asia Pacific,Hong Kong,52 ms,3293 kB/s
162.159.140.34,8443,true,HKG,Asia Pacific,Hong Kong,57 ms,3293 kB/s
104.19.103.4,8443,true,LAX,North America,Los Angeles,188 ms,3292 kB/s
162.159.142.46,8443,true,HKG,Asia Pacific,Hong Kong,57 ms,3292 kB/s
162.159.142.129,8443,true,HKG,Asia Pacific,Hong Kong,62 ms,3286 kB/s
162.159.140.37,8443,true,HKG,Asia Pacific,Hong Kong,53 ms,3279 kB/s
162.159.142.205,8443,true,HKG,Asia Pacific,Hong Kong,55 ms,3278 kB/s
104.19.104.70,8443,true,SJC,North America,San Jose,225 ms,3269 kB/s
162.159.140.51,8443,true,HKG,Asia Pacific,Hong Kong,99 ms,3266 kB/s
104.19.104.107,8443,true,LAX,North America,Los Angeles,195 ms,3263 kB/s
162.159.138.29,8443,true,HKG,Asia Pacific,Hong Kong,60 ms,3260 kB/s
162.159.140.102,8443,true,HKG,Asia Pacific,Hong Kong,46 ms,3258 kB/s
104.19.103.188,8443,true,LAX,North America,Los Angeles,171 ms,3258 kB/s
162.159.142.65,8443,true,HKG,Asia Pacific,Hong Kong,45 ms,3257 kB/s
104.19.104.192,8443,true,SJC,North America,San Jose,161 ms,3255 kB/s
162.159.140.209,8443,true,HKG,Asia Pacific,Hong Kong,70 ms,3254 kB/s
162.159.140.16,8443,true,HKG,Asia Pacific,Hong Kong,75 ms,3254 kB/s
162.159.140.119,8443,true,HKG,Asia Pacific,Hong Kong,47 ms,3253 kB/s
104.19.103.0,8443,true,LAX,North America,Los Angeles,209 ms,3252 kB/s
162.159.140.61,8443,true,HKG,Asia Pacific,Hong Kong,94 ms,3252 kB/s
162.159.142.237,8443,true,HKG,Asia Pacific,Hong Kong,62 ms,3250 kB/s
162.159.138.193,8443,true,HKG,Asia Pacific,Hong Kong,67 ms,3250 kB/s
162.159.140.216,8443,true,HKG,Asia Pacific,Hong Kong,65 ms,3249 kB/s
162.159.138.191,8443,true,HKG,Asia Pacific,Hong Kong,67 ms,3248 kB/s
162.159.142.79,8443,true,HKG,Asia Pacific,Hong Kong,53 ms,3240 kB/s
104.19.103.112,8443,true,LAX,North America,Los Angeles,211 ms,3239 kB/s
104.19.104.109,8443,true,SJC,North America,San Jose,146 ms,3238 kB/s
162.159.142.252,8443,true,HKG,Asia Pacific,Hong Kong,62 ms,3237 kB/s
104.19.103.68,8443,true,LAX,North America,Los Angeles,197 ms,3236 kB/s
162.159.138.199,8443,true,HKG,Asia Pacific,Hong Kong,54 ms,3235 kB/s
162.159.138.241,8443,true,HKG,Asia Pacific,Hong Kong,110 ms,3230 kB/s
162.159.138.31,8443,true,HKG,Asia Pacific,Hong Kong,67 ms,3230 kB/s
162.159.138.5,8443,true,HKG,Asia Pacific,Hong Kong,65 ms,3229 kB/s
104.19.103.97,8443,true,SJC,North America,San Jose,202 ms,3228 kB/s
104.19.103.92,8443,true,LAX,North America,Los Angeles,201 ms,3220 kB/s
162.159.140.222,8443,true,HKG,Asia Pacific,Hong Kong,49 ms,3217 kB/s
104.19.104.215,8443,true,LAX,North America,Los Angeles,193 ms,3216 kB/s
162.159.140.105,8443,true,HKG,Asia Pacific,Hong Kong,53 ms,3215 kB/s
104.19.103.114,8443,true,SJC,North America,San Jose,154 ms,3214 kB/s
162.159.142.151,8443,true,HKG,Asia Pacific,Hong Kong,56 ms,3214 kB/s
162.159.142.183,8443,true,HKG,Asia Pacific,Hong Kong,62 ms,3211 kB/s
104.19.104.161,8443,true,LAX,North America,Los Angeles,194 ms,3211 kB/s
162.159.138.232,8443,true,HKG,Asia Pacific,Hong Kong,51 ms,3207 kB/s
162.159.138.205,8443,true,HKG,Asia Pacific,Hong Kong,124 ms,3204 kB/s
162.159.140.91,8443,true,HKG,Asia Pacific,Hong Kong,55 ms,3204 kB/s
104.19.103.186,8443,true,LAX,North America,Los Angeles,208 ms,3197 kB/s
162.159.138.182,8443,true,HKG,Asia Pacific,Hong Kong,49 ms,3197 kB/s
162.159.140.240,8443,true,HKG,Asia Pacific,Hong Kong,74 ms,3197 kB/s
104.19.103.162,8443,true,LAX,North America,Los Angeles,220 ms,3196 kB/s
162.159.138.110,8443,true,HKG,Asia Pacific,Hong Kong,72 ms,3194 kB/s
162.159.140.174,8443,true,HKG,Asia Pacific,Hong Kong,76 ms,3193 kB/s
104.19.103.65,8443,true,LAX,North America,Los Angeles,177 ms,3188 kB/s
162.159.142.90,8443,true,HKG,Asia Pacific,Hong Kong,75 ms,3184 kB/s
162.159.140.185,8443,true,HKG,Asia Pacific,Hong Kong,185 ms,3183 kB/s
162.159.142.27,8443,true,HKG,Asia Pacific,Hong Kong,48 ms,3183 kB/s
162.159.140.89,8443,true,HKG,Asia Pacific,Hong Kong,89 ms,3180 kB/s
162.159.140.75,8443,true,HKG,Asia Pacific,Hong Kong,64 ms,3179 kB/s
104.19.103.45,8443,true,SJC,North America,San Jose,179 ms,3178 kB/s
162.159.140.65,8443,true,HKG,Asia Pacific,Hong Kong,51 ms,3178 kB/s
162.159.142.176,8443,true,HKG,Asia Pacific,Hong Kong,61 ms,3177 kB/s
162.159.140.146,8443,true,HKG,Asia Pacific,Hong Kong,57 ms,3174 kB/s
162.159.140.98,8443,true,HKG,Asia Pacific,Hong Kong,84 ms,3173 kB/s
162.159.138.236,8443,true,HKG,Asia Pacific,Hong Kong,128 ms,3167 kB/s
162.159.140.26,8443,true,HKG,Asia Pacific,Hong Kong,141 ms,3167 kB/s
162.159.138.190,8443,true,HKG,Asia Pacific,Hong Kong,56 ms,3166 kB/s
162.159.142.143,8443,true,HKG,Asia Pacific,Hong Kong,106 ms,3165 kB/s
162.159.140.123,8443,true,HKG,Asia Pacific,Hong Kong,118 ms,3161 kB/s
104.19.103.110,8443,true,SJC,North America,San Jose,173 ms,3155 kB/s
104.19.103.116,8443,true,LAX,North America,Los Angeles,208 ms,3154 kB/s
162.159.138.9,8443,true,HKG,Asia Pacific,Hong Kong,44 ms,3152 kB/s
162.159.140.193,8443,true,HKG,Asia Pacific,Hong Kong,49 ms,3151 kB/s
162.159.140.24,8443,true,HKG,Asia Pacific,Hong Kong,141 ms,3149 kB/s
162.159.142.12,8443,true,HKG,Asia Pacific,Hong Kong,47 ms,3148 kB/s
104.19.104.3,8443,true,LAX,North America,Los Angeles,231 ms,3146 kB/s
162.159.138.82,8443,true,HKG,Asia Pacific,Hong Kong,52 ms,3145 kB/s
162.159.140.42,8443,true,HKG,Asia Pacific,Hong Kong,57 ms,3144 kB/s
104.19.104.39,8443,true,LAX,North America,Los Angeles,217 ms,3141 kB/s
162.159.142.206,8443,true,HKG,Asia Pacific,Hong Kong,54 ms,3139 kB/s
162.159.140.207,8443,true,HKG,Asia Pacific,Hong Kong,78 ms,3139 kB/s
104.19.104.30,8443,true,LAX,North America,Los Angeles,198 ms,3138 kB/s
162.159.142.75,8443,true,HKG,Asia Pacific,Hong Kong,66 ms,3135 kB/s
162.159.142.155,8443,true,HKG,Asia Pacific,Hong Kong,94 ms,3133 kB/s
104.19.103.100,8443,true,LAX,North America,Los Angeles,200 ms,3133 kB/s
162.159.140.29,8443,true,HKG,Asia Pacific,Hong Kong,50 ms,3132 kB/s
162.159.142.217,8443,true,HKG,Asia Pacific,Hong Kong,61 ms,3131 kB/s
104.19.104.91,8443,true,LAX,North America,Los Angeles,229 ms,3129 kB/s
104.19.103.19,8443,true,LAX,North America,Los Angeles,188 ms,3126 kB/s
162.159.142.255,8443,true,HKG,Asia Pacific,Hong Kong,87 ms,3124 kB/s
162.159.142.87,8443,true,HKG,Asia Pacific,Hong Kong,80 ms,3117 kB/s
162.159.140.48,8443,true,HKG,Asia Pacific,Hong Kong,52 ms,3112 kB/s
104.19.103.53,8443,true,SJC,North America,San Jose,147 ms,3109 kB/s
162.159.142.152,8443,true,HKG,Asia Pacific,Hong Kong,74 ms,3108 kB/s
162.159.138.167,8443,true,HKG,Asia Pacific,Hong Kong,60 ms,3105 kB/s
162.159.140.64,8443,true,HKG,Asia Pacific,Hong Kong,112 ms,3104 kB/s
162.159.142.86,8443,true,HKG,Asia Pacific,Hong Kong,80 ms,3102 kB/s
162.159.142.94,8443,true,HKG,Asia Pacific,Hong Kong,60 ms,3101 kB/s
162.159.142.41,8443,true,HKG,Asia Pacific,Hong Kong,61 ms,3101 kB/s
162.159.140.133,8443,true,HKG,Asia Pacific,Hong Kong,52 ms,3100 kB/s
162.159.138.200,8443,true,HKG,Asia Pacific,Hong Kong,53 ms,3100 kB/s
162.159.142.109,8443,true,HKG,Asia Pacific,Hong Kong,67 ms,3099 kB/s
162.159.138.0,8443,true,HKG,Asia Pacific,Hong Kong,54 ms,3098 kB/s
104.19.103.140,8443,true,LAX,North America,Los Angeles,204 ms,3098 kB/s
104.19.103.138,8443,true,LAX,North America,Los Angeles,211 ms,3097 kB/s
162.159.142.73,8443,true,HKG,Asia Pacific,Hong Kong,70 ms,3095 kB/s
162.159.142.247,8443,true,HKG,Asia Pacific,Hong Kong,67 ms,3094 kB/s
162.159.140.94,8443,true,HKG,Asia Pacific,Hong Kong,70 ms,3094 kB/s
162.159.142.238,8443,true,HKG,Asia Pacific,Hong Kong,93 ms,3094 kB/s
162.159.142.45,8443,true,HKG,Asia Pacific,Hong Kong,60 ms,3093 kB/s
162.159.138.77,8443,true,HKG,Asia Pacific,Hong Kong,210 ms,3092 kB/s
162.159.138.111,8443,true,HKG,Asia Pacific,Hong Kong,74 ms,3090 kB/s
162.159.140.107,8443,true,HKG,Asia Pacific,Hong Kong,86 ms,3090 kB/s
104.19.104.216,8443,true,LAX,North America,Los Angeles,193 ms,3089 kB/s
162.159.138.87,8443,true,HKG,Asia Pacific,Hong Kong,50 ms,3089 kB/s
162.159.138.228,8443,true,HKG,Asia Pacific,Hong Kong,50 ms,3088 kB/s
162.159.142.211,8443,true,HKG,Asia Pacific,Hong Kong,78 ms,3086 kB/s
104.19.103.31,8443,true,LAX,North America,Los Angeles,195 ms,3085 kB/s
162.159.138.91,8443,true,HKG,Asia Pacific,Hong Kong,51 ms,3085 kB/s
162.159.142.30,8443,true,HKG,Asia Pacific,Hong Kong,59 ms,3084 kB/s
162.159.142.93,8443,true,HKG,Asia Pacific,Hong Kong,43 ms,3082 kB/s
162.159.140.86,8443,true,HKG,Asia Pacific,Hong Kong,51 ms,3075 kB/s
162.159.140.229,8443,true,HKG,Asia Pacific,Hong Kong,91 ms,3075 kB/s
104.19.103.55,8443,true,LAX,North America,Los Angeles,209 ms,3071 kB/s
162.159.140.154,8443,true,HKG,Asia Pacific,Hong Kong,53 ms,3071 kB/s
104.19.103.52,8443,true,LAX,North America,Los Angeles,207 ms,3070 kB/s
162.159.138.186,8443,true,HKG,Asia Pacific,Hong Kong,48 ms,3070 kB/s
104.19.103.128,8443,true,SJC,North America,San Jose,212 ms,3069 kB/s
104.19.103.184,8443,true,SJC,North America,San Jose,192 ms,3067 kB/s
162.159.138.176,8443,true,HKG,Asia Pacific,Hong Kong,54 ms,3066 kB/s
162.159.140.58,8443,true,HKG,Asia Pacific,Hong Kong,56 ms,3063 kB/s
162.159.138.2,8443,true,HKG,Asia Pacific,Hong Kong,71 ms,3062 kB/s
104.19.103.11,8443,true,LAX,North America,Los Angeles,200 ms,3061 kB/s
104.19.103.63,8443,true,LAX,North America,Los Angeles,197 ms,3061 kB/s
162.159.138.58,8443,true,HKG,Asia Pacific,Hong Kong,65 ms,3060 kB/s
162.159.138.209,8443,true,HKG,Asia Pacific,Hong Kong,93 ms,3056 kB/s
162.159.142.18,8443,true,HKG,Asia Pacific,Hong Kong,49 ms,3052 kB/s
162.159.138.37,8443,true,HKG,Asia Pacific,Hong Kong,49 ms,3051 kB/s
104.19.103.201,8443,true,LAX,North America,Los Angeles,197 ms,3050 kB/s
162.159.142.202,8443,true,HKG,Asia Pacific,Hong Kong,58 ms,3047 kB/s
162.159.142.177,8443,true,HKG,Asia Pacific,Hong Kong,58 ms,3047 kB/s
162.159.142.150,8443,true,HKG,Asia Pacific,Hong Kong,75 ms,3046 kB/s
162.159.138.206,8443,true,HKG,Asia Pacific,Hong Kong,114 ms,3045 kB/s
162.159.140.90,8443,true,HKG,Asia Pacific,Hong Kong,50 ms,3044 kB/s
162.159.140.36,8443,true,HKG,Asia Pacific,Hong Kong,52 ms,3041 kB/s
162.159.140.56,8443,true,HKG,Asia Pacific,Hong Kong,62 ms,3041 kB/s
162.159.138.139,8443,true,HKG,Asia Pacific,Hong Kong,93 ms,3038 kB/s
162.159.138.221,8443,true,HKG,Asia Pacific,Hong Kong,75 ms,3038 kB/s
162.159.140.95,8443,true,HKG,Asia Pacific,Hong Kong,55 ms,3037 kB/s
104.19.103.167,8443,true,LAX,North America,Los Angeles,200 ms,3035 kB/s
162.159.142.35,8443,true,HKG,Asia Pacific,Hong Kong,58 ms,3032 kB/s
104.19.103.38,8443,true,SJC,North America,San Jose,200 ms,3029 kB/s
162.159.138.51,8443,true,HKG,Asia Pacific,Hong Kong,91 ms,3027 kB/s
104.19.104.23,8443,true,LAX,North America,Los Angeles,241 ms,3027 kB/s
162.159.138.218,8443,true,HKG,Asia Pacific,Hong Kong,62 ms,3025 kB/s
104.19.103.10,8443,true,LAX,North America,Los Angeles,194 ms,3024 kB/s
162.159.140.241,8443,true,HKG,Asia Pacific,Hong Kong,70 ms,3023 kB/s
104.19.104.213,8443,true,LAX,North America,Los Angeles,194 ms,3021 kB/s
162.159.140.70,8443,true,HKG,Asia Pacific,Hong Kong,81 ms,3020 kB/s
162.159.142.172,8443,true,HKG,Asia Pacific,Hong Kong,52 ms,3019 kB/s
162.159.142.135,8443,true,HKG,Asia Pacific,Hong Kong,52 ms,3018 kB/s
162.159.140.109,8443,true,HKG,Asia Pacific,Hong Kong,62 ms,3017 kB/s
162.159.138.207,8443,true,HKG,Asia Pacific,Hong Kong,106 ms,3013 kB/s
162.159.138.113,8443,true,HKG,Asia Pacific,Hong Kong,62 ms,3013 kB/s
104.19.103.14,8443,true,LAX,North America,Los Angeles,206 ms,3010 kB/s
162.159.140.117,8443,true,HKG,Asia Pacific,Hong Kong,51 ms,3009 kB/s
162.159.142.178,8443,true,HKG,Asia Pacific,Hong Kong,54 ms,3008 kB/s
162.159.138.212,8443,true,HKG,Asia Pacific,Hong Kong,53 ms,3006 kB/s
162.159.140.110,8443,true,HKG,Asia Pacific,Hong Kong,52 ms,3001 kB/s
104.19.104.24,8443,true,LAX,North America,Los Angeles,231 ms,3000 kB/s
162.159.142.32,8443,true,HKG,Asia Pacific,Hong Kong,59 ms,3000 kB/s
104.19.104.100,8443,true,LAX,North America,Los Angeles,190 ms,2998 kB/s
162.159.140.212,8443,true,HKG,Asia Pacific,Hong Kong,59 ms,2994 kB/s
162.159.138.102,8443,true,HKG,Asia Pacific,Hong Kong,62 ms,2993 kB/s
162.159.138.224,8443,true,HKG,Asia Pacific,Hong Kong,46 ms,2992 kB/s
162.159.138.171,8443,true,HKG,Asia Pacific,Hong Kong,81 ms,2991 kB/s
162.159.140.111,8443,true,HKG,Asia Pacific,Hong Kong,126 ms,2990 kB/s
162.159.140.53,8443,true,HKG,Asia Pacific,Hong Kong,68 ms,2990 kB/s
104.19.103.200,8443,true,LAX,North America,Los Angeles,205 ms,2989 kB/s
162.159.142.158,8443,true,HKG,Asia Pacific,Hong Kong,75 ms,2984 kB/s
162.159.142.70,8443,true,HKG,Asia Pacific,Hong Kong,50 ms,2981 kB/s
162.159.142.194,8443,true,HKG,Asia Pacific,Hong Kong,92 ms,2981 kB/s
162.159.142.212,8443,true,HKG,Asia Pacific,Hong Kong,56 ms,2981 kB/s
162.159.142.105,8443,true,HKG,Asia Pacific,Hong Kong,140 ms,2978 kB/s
104.19.104.125,8443,true,LAX,North America,Los Angeles,197 ms,2978 kB/s
162.159.140.81,8443,true,HKG,Asia Pacific,Hong Kong,81 ms,2975 kB/s
104.19.103.48,8443,true,LAX,North America,Los Angeles,206 ms,2971 kB/s
104.19.103.62,8443,true,LAX,North America,Los Angeles,208 ms,2967 kB/s
162.159.138.121,8443,true,HKG,Asia Pacific,Hong Kong,78 ms,2961 kB/s
162.159.142.148,8443,true,HKG,Asia Pacific,Hong Kong,58 ms,2958 kB/s
104.19.104.232,8443,true,LAX,North America,Los Angeles,202 ms,2958 kB/s
104.19.103.166,8443,true,SJC,North America,San Jose,175 ms,2956 kB/s
162.159.138.159,8443,true,HKG,Asia Pacific,Hong Kong,67 ms,2955 kB/s
162.159.138.130,8443,true,HKG,Asia Pacific,Hong Kong,51 ms,2952 kB/s
104.19.103.131,8443,true,LAX,North America,Los Angeles,202 ms,2950 kB/s
104.19.103.46,8443,true,LAX,North America,Los Angeles,177 ms,2948 kB/s
104.19.104.114,8443,true,LAX,North America,Los Angeles,217 ms,2948 kB/s
104.19.104.122,8443,true,LAX,North America,Los Angeles,207 ms,2946 kB/s
162.159.140.134,8443,true,HKG,Asia Pacific,Hong Kong,55 ms,2944 kB/s
104.19.104.58,8443,true,LAX,North America,Los Angeles,217 ms,2943 kB/s
104.19.103.198,8443,true,LAX,North America,Los Angeles,208 ms,2943 kB/s
162.159.142.185,8443,true,HKG,Asia Pacific,Hong Kong,55 ms,2934 kB/s
162.159.138.81,8443,true,HKG,Asia Pacific,Hong Kong,181 ms,2933 kB/s
104.19.104.143,8443,true,SJC,North America,San Jose,173 ms,2933 kB/s
162.159.142.243,8443,true,HKG,Asia Pacific,Hong Kong,51 ms,2931 kB/s
104.19.103.146,8443,true,SJC,North America,San Jose,168 ms,2931 kB/s
104.19.104.217,8443,true,LAX,North America,Los Angeles,195 ms,2930 kB/s
162.159.142.234,8443,true,HKG,Asia Pacific,Hong Kong,60 ms,2928 kB/s
104.19.104.51,8443,true,LAX,North America,Los Angeles,223 ms,2925 kB/s
162.159.142.49,8443,true,HKG,Asia Pacific,Hong Kong,53 ms,2925 kB/s
162.159.142.122,8443,true,HKG,Asia Pacific,Hong Kong,59 ms,2925 kB/s
162.159.140.71,8443,true,HKG,Asia Pacific,Hong Kong,109 ms,2925 kB/s
104.19.104.193,8443,true,LAX,North America,Los Angeles,205 ms,2924 kB/s
162.159.140.55,8443,true,HKG,Asia Pacific,Hong Kong,85 ms,2923 kB/s
104.19.104.128,8443,true,LAX,North America,Los Angeles,200 ms,2921 kB/s
104.19.103.191,8443,true,LAX,North America,Los Angeles,209 ms,2921 kB/s
162.159.140.159,8443,true,HKG,Asia Pacific,Hong Kong,73 ms,2920 kB/s
104.19.103.179,8443,true,LAX,North America,Los Angeles,223 ms,2919 kB/s
162.159.138.162,8443,true,HKG,Asia Pacific,Hong Kong,47 ms,2917 kB/s
104.19.104.188,8443,true,LAX,North America,Los Angeles,196 ms,2917 kB/s
104.19.103.145,8443,true,LAX,North America,Los Angeles,205 ms,2916 kB/s
162.159.140.208,8443,true,HKG,Asia Pacific,Hong Kong,75 ms,2914 kB/s
162.159.142.54,8443,true,HKG,Asia Pacific,Hong Kong,57 ms,2914 kB/s
162.159.142.193,8443,true,HKG,Asia Pacific,Hong Kong,56 ms,2910 kB/s
104.19.104.148,8443,true,SJC,North America,San Jose,176 ms,2909 kB/s
104.19.104.225,8443,true,SJC,North America,San Jose,168 ms,2907 kB/s
104.19.104.66,8443,true,LAX,North America,Los Angeles,240 ms,2906 kB/s
104.19.104.221,8443,true,LAX,North America,Los Angeles,202 ms,2905 kB/s
162.159.138.148,8443,true,HKG,Asia Pacific,Hong Kong,61 ms,2905 kB/s
104.19.103.66,8443,true,LAX,North America,Los Angeles,193 ms,2903 kB/s
162.159.142.219,8443,true,HKG,Asia Pacific,Hong Kong,76 ms,2902 kB/s
162.159.140.25,8443,true,HKG,Asia Pacific,Hong Kong,61 ms,2902 kB/s
162.159.138.169,8443,true,HKG,Asia Pacific,Hong Kong,56 ms,2902 kB/s
162.159.138.173,8443,true,HKG,Asia Pacific,Hong Kong,53 ms,2899 kB/s
104.19.103.83,8443,true,LAX,North America,Los Angeles,177 ms,2899 kB/s
162.159.142.92,8443,true,HKG,Asia Pacific,Hong Kong,51 ms,2898 kB/s
162.159.138.242,8443,true,HKG,Asia Pacific,Hong Kong,61 ms,2898 kB/s
162.159.140.101,8443,true,HKG,Asia Pacific,Hong Kong,133 ms,2898 kB/s
104.19.104.63,8443,true,LAX,North America,Los Angeles,206 ms,2896 kB/s
162.159.140.228,8443,true,HKG,Asia Pacific,Hong Kong,94 ms,2895 kB/s
162.159.138.210,8443,true,HKG,Asia Pacific,Hong Kong,147 ms,2894 kB/s
104.19.104.233,8443,true,LAX,North America,Los Angeles,195 ms,2892 kB/s
104.19.103.129,8443,true,SJC,North America,San Jose,139 ms,2890 kB/s
162.159.142.200,8443,true,HKG,Asia Pacific,Hong Kong,64 ms,2890 kB/s
162.159.142.190,8443,true,HKG,Asia Pacific,Hong Kong,53 ms,2889 kB/s
162.159.142.179,8443,true,HKG,Asia Pacific,Hong Kong,80 ms,2889 kB/s
104.19.104.185,8443,true,SJC,North America,San Jose,205 ms,2888 kB/s
162.159.140.124,8443,true,HKG,Asia Pacific,Hong Kong,60 ms,2888 kB/s
104.19.104.223,8443,true,SJC,North America,San Jose,172 ms,2887 kB/s
104.19.104.184,8443,true,LAX,North America,Los Angeles,207 ms,2885 kB/s
162.159.138.78,8443,true,HKG,Asia Pacific,Hong Kong,233 ms,2884 kB/s
162.159.138.237,8443,true,HKG,Asia Pacific,Hong Kong,127 ms,2884 kB/s
162.159.138.158,8443,true,HKG,Asia Pacific,Hong Kong,67 ms,2884 kB/s
104.19.104.14,8443,true,LAX,North America,Los Angeles,229 ms,2883 kB/s
162.159.142.230,8443,true,HKG,Asia Pacific,Hong Kong,68 ms,2882 kB/s
162.159.142.232,8443,true,HKG,Asia Pacific,Hong Kong,115 ms,2882 kB/s
162.159.142.84,8443,true,HKG,Asia Pacific,Hong Kong,67 ms,2882 kB/s
162.159.142.137,8443,true,HKG,Asia Pacific,Hong Kong,48 ms,2881 kB/s
104.19.104.181,8443,true,SJC,North America,San Jose,172 ms,2880 kB/s
162.159.138.10,8443,true,HKG,Asia Pacific,Hong Kong,66 ms,2880 kB/s
162.159.140.13,8443,true,HKG,Asia Pacific,Hong Kong,55 ms,2878 kB/s
104.19.103.75,8443,true,SJC,North America,San Jose,139 ms,2877 kB/s
104.19.104.226,8443,true,LAX,North America,Los Angeles,207 ms,2870 kB/s
104.19.103.3,8443,true,SJC,North America,San Jose,173 ms,2869 kB/s
162.159.140.63,8443,true,HKG,Asia Pacific,Hong Kong,100 ms,2867 kB/s
162.159.142.253,8443,true,HKG,Asia Pacific,Hong Kong,57 ms,2866 kB/s
162.159.140.59,8443,true,HKG,Asia Pacific,Hong Kong,53 ms,2866 kB/s
104.19.104.147,8443,true,SJC,North America,San Jose,172 ms,2866 kB/s
104.19.104.50,8443,true,LAX,North America,Los Angeles,226 ms,2864 kB/s
104.19.103.28,8443,true,LAX,North America,Los Angeles,211 ms,2861 kB/s
162.159.138.95,8443,true,HKG,Asia Pacific,Hong Kong,49 ms,2860 kB/s
162.159.138.43,8443,true,HKG,Asia Pacific,Hong Kong,56 ms,2859 kB/s
162.159.140.92,8443,true,HKG,Asia Pacific,Hong Kong,55 ms,2857 kB/s
162.159.138.160,8443,true,HKG,Asia Pacific,Hong Kong,53 ms,2857 kB/s
162.159.138.116,8443,true,HKG,Asia Pacific,Hong Kong,50 ms,2856 kB/s
104.19.103.254,8443,true,SJC,North America,San Jose,212 ms,2853 kB/s
104.19.104.251,8443,true,LAX,North America,Los Angeles,200 ms,2853 kB/s
162.159.142.174,8443,true,HKG,Asia Pacific,Hong Kong,60 ms,2853 kB/s
104.19.104.53,8443,true,SJC,North America,San Jose,206 ms,2853 kB/s
104.19.104.179,8443,true,LAX,North America,Los Angeles,212 ms,2852 kB/s
162.159.140.245,8443,true,HKG,Asia Pacific,Hong Kong,44 ms,2850 kB/s
162.159.138.253,8443,true,HKG,Asia Pacific,Hong Kong,110 ms,2850 kB/s
162.159.138.225,8443,true,HKG,Asia Pacific,Hong Kong,48 ms,2847 kB/s
104.19.104.244,8443,true,LAX,North America,Los Angeles,189 ms,2847 kB/s
162.159.140.140,8443,true,HKG,Asia Pacific,Hong Kong,59 ms,2847 kB/s
104.19.104.119,8443,true,LAX,North America,Los Angeles,198 ms,2846 kB/s
104.19.103.165,8443,true,LAX,North America,Los Angeles,200 ms,2846 kB/s
104.19.104.255,8443,true,LAX,North America,Los Angeles,204 ms,2846 kB/s
162.159.138.7,8443,true,HKG,Asia Pacific,Hong Kong,118 ms,2841 kB/s
162.159.142.80,8443,true,HKG,Asia Pacific,Hong Kong,68 ms,2837 kB/s
162.159.140.237,8443,true,HKG,Asia Pacific,Hong Kong,53 ms,2837 kB/s
162.159.138.164,8443,true,HKG,Asia Pacific,Hong Kong,94 ms,2837 kB/s
162.159.138.230,8443,true,HKG,Asia Pacific,Hong Kong,49 ms,2834 kB/s
104.19.103.5,8443,true,LAX,North America,Los Angeles,170 ms,2832 kB/s
104.19.103.132,8443,true,LAX,North America,Los Angeles,196 ms,2831 kB/s
162.159.140.50,8443,true,HKG,Asia Pacific,Hong Kong,64 ms,2829 kB/s
104.19.104.135,8443,true,LAX,North America,Los Angeles,197 ms,2829 kB/s
162.159.142.198,8443,true,HKG,Asia Pacific,Hong Kong,65 ms,2829 kB/s
104.19.104.144,8443,true,LAX,North America,Los Angeles,177 ms,2827 kB/s
104.19.103.144,8443,true,LAX,North America,Los Angeles,191 ms,2826 kB/s
104.19.104.59,8443,true,LAX,North America,Los Angeles,180 ms,2825 kB/s
162.159.142.50,8443,true,HKG,Asia Pacific,Hong Kong,55 ms,2825 kB/s
104.19.104.169,8443,true,LAX,North America,Los Angeles,170 ms,2823 kB/s
162.159.138.20,8443,true,HKG,Asia Pacific,Hong Kong,55 ms,2823 kB/s
162.159.138.138,8443,true,HKG,Asia Pacific,Hong Kong,58 ms,2823 kB/s
104.19.103.22,8443,true,LAX,North America,Los Angeles,210 ms,2823 kB/s
162.159.142.149,8443,true,HKG,Asia Pacific,Hong Kong,98 ms,2821 kB/s
104.19.103.103,8443,true,LAX,North America,Los Angeles,209 ms,2821 kB/s
104.19.103.76,8443,true,LAX,North America,Los Angeles,198 ms,2818 kB/s
162.159.142.63,8443,true,HKG,Asia Pacific,Hong Kong,54 ms,2817 kB/s
104.19.104.45,8443,true,LAX,North America,Los Angeles,227 ms,2816 kB/s
104.19.104.17,8443,true,LAX,North America,Los Angeles,226 ms,2816 kB/s
104.19.104.29,8443,true,SJC,North America,San Jose,216 ms,2814 kB/s
162.159.138.132,8443,true,HKG,Asia Pacific,Hong Kong,131 ms,2812 kB/s
104.19.103.1,8443,true,SJC,North America,San Jose,195 ms,2810 kB/s
162.159.138.66,8443,true,HKG,Asia Pacific,Hong Kong,59 ms,2809 kB/s
104.19.103.17,8443,true,SJC,North America,San Jose,208 ms,2808 kB/s
104.19.104.254,8443,true,SJC,North America,San Jose,194 ms,2806 kB/s
162.159.142.57,8443,true,HKG,Asia Pacific,Hong Kong,55 ms,2806 kB/s
104.19.104.110,8443,true,LAX,North America,Los Angeles,212 ms,2806 kB/s
104.19.104.154,8443,true,LAX,North America,Los Angeles,202 ms,2804 kB/s
162.159.140.120,8443,true,HKG,Asia Pacific,Hong Kong,57 ms,2800 kB/s
162.159.140.230,8443,true,HKG,Asia Pacific,Hong Kong,50 ms,2799 kB/s
162.159.140.103,8443,true,HKG,Asia Pacific,Hong Kong,107 ms,2797 kB/s
162.159.140.62,8443,true,HKG,Asia Pacific,Hong Kong,92 ms,2796 kB/s
104.19.103.26,8443,true,LAX,North America,Los Angeles,200 ms,2794 kB/s
162.159.142.6,8443,true,HKG,Asia Pacific,Hong Kong,52 ms,2794 kB/s
162.159.140.22,8443,true,HKG,Asia Pacific,Hong Kong,48 ms,2793 kB/s
162.159.142.67,8443,true,HKG,Asia Pacific,Hong Kong,51 ms,2792 kB/s
162.159.142.117,8443,true,HKG,Asia Pacific,Hong Kong,53 ms,2791 kB/s
104.19.104.0,8443,true,LAX,North America,Los Angeles,224 ms,2791 kB/s
162.159.142.167,8443,true,HKG,Asia Pacific,Hong Kong,67 ms,2791 kB/s
104.19.104.120,8443,true,LAX,North America,Los Angeles,202 ms,2788 kB/s
104.19.103.30,8443,true,SJC,North America,San Jose,205 ms,2787 kB/s
162.159.138.140,8443,true,HKG,Asia Pacific,Hong Kong,49 ms,2787 kB/s
162.159.142.28,8443,true,HKG,Asia Pacific,Hong Kong,49 ms,2787 kB/s
162.159.140.93,8443,true,HKG,Asia Pacific,Hong Kong,62 ms,2787 kB/s
104.19.104.136,8443,true,LAX,North America,Los Angeles,207 ms,2785 kB/s
104.19.103.47,8443,true,LAX,North America,Los Angeles,197 ms,2785 kB/s
104.19.103.150,8443,true,SJC,North America,San Jose,170 ms,2783 kB/s
104.19.104.151,8443,true,LAX,North America,Los Angeles,203 ms,2782 kB/s
162.159.142.37,8443,true,HKG,Asia Pacific,Hong Kong,62 ms,2778 kB/s
162.159.142.72,8443,true,HKG,Asia Pacific,Hong Kong,51 ms,2778 kB/s
104.19.104.20,8443,true,SJC,North America,San Jose,225 ms,2778 kB/s
162.159.138.208,8443,true,HKG,Asia Pacific,Hong Kong,106 ms,2775 kB/s
104.19.103.158,8443,true,LAX,North America,Los Angeles,196 ms,2775 kB/s
104.19.103.81,8443,true,SJC,North America,San Jose,206 ms,2775 kB/s
162.159.140.201,8443,true,HKG,Asia Pacific,Hong Kong,70 ms,2774 kB/s
162.159.142.248,8443,true,HKG,Asia Pacific,Hong Kong,68 ms,2773 kB/s
104.19.103.157,8443,true,LAX,North America,Los Angeles,200 ms,2771 kB/s
162.159.138.18,8443,true,HKG,Asia Pacific,Hong Kong,54 ms,2771 kB/s
104.19.104.36,8443,true,LAX,North America,Los Angeles,201 ms,2769 kB/s
162.159.142.225,8443,true,HKG,Asia Pacific,Hong Kong,78 ms,2769 kB/s
162.159.140.0,8443,true,HKG,Asia Pacific,Hong Kong,190 ms,2768 kB/s
104.19.103.98,8443,true,SJC,North America,San Jose,204 ms,2767 kB/s
162.159.142.244,8443,true,HKG,Asia Pacific,Hong Kong,58 ms,2766 kB/s
162.159.138.217,8443,true,HKG,Asia Pacific,Hong Kong,55 ms,2765 kB/s
162.159.142.201,8443,true,HKG,Asia Pacific,Hong Kong,52 ms,2765 kB/s
104.19.104.80,8443,true,LAX,North America,Los Angeles,238 ms,2764 kB/s
104.19.103.199,8443,true,LAX,North America,Los Angeles,207 ms,2763 kB/s
162.159.140.121,8443,true,HKG,Asia Pacific,Hong Kong,52 ms,2763 kB/s
162.159.138.70,8443,true,HKG,Asia Pacific,Hong Kong,63 ms,2762 kB/s
104.19.103.121,8443,true,SJC,North America,San Jose,177 ms,2759 kB/s
104.19.103.70,8443,true,LAX,North America,Los Angeles,207 ms,2757 kB/s
162.159.140.238,8443,true,HKG,Asia Pacific,Hong Kong,93 ms,2756 kB/s
162.159.138.150,8443,true,HKG,Asia Pacific,Hong Kong,58 ms,2755 kB/s
104.19.104.62,8443,true,LAX,North America,Los Angeles,240 ms,2755 kB/s
162.159.140.60,8443,true,HKG,Asia Pacific,Hong Kong,55 ms,2754 kB/s
162.159.140.68,8443,true,HKG,Asia Pacific,Hong Kong,53 ms,2753 kB/s
104.19.104.132,8443,true,LAX,North America,Los Angeles,199 ms,2753 kB/s
104.19.104.158,8443,true,LAX,North America,Los Angeles,189 ms,2752 kB/s
162.159.140.236,8443,true,HKG,Asia Pacific,Hong Kong,52 ms,2751 kB/s
162.159.138.75,8443,true,HKG,Asia Pacific,Hong Kong,65 ms,2751 kB/s
162.159.142.216,8443,true,HKG,Asia Pacific,Hong Kong,51 ms,2750 kB/s
162.159.142.210,8443,true,HKG,Asia Pacific,Hong Kong,59 ms,2750 kB/s
162.159.142.126,8443,true,HKG,Asia Pacific,Hong Kong,52 ms,2748 kB/s
162.159.140.44,8443,true,HKG,Asia Pacific,Hong Kong,57 ms,2748 kB/s
162.159.140.149,8443,true,HKG,Asia Pacific,Hong Kong,60 ms,2748 kB/s
162.159.138.231,8443,true,HKG,Asia Pacific,Hong Kong,134 ms,2747 kB/s
162.159.138.33,8443,true,HKG,Asia Pacific,Hong Kong,151 ms,2747 kB/s
162.159.138.106,8443,true,HKG,Asia Pacific,Hong Kong,68 ms,2747 kB/s
104.19.104.9,8443,true,LAX,North America,Los Angeles,215 ms,2744 kB/s
162.159.142.168,8443,true,HKG,Asia Pacific,Hong Kong,71 ms,2743 kB/s
162.159.140.249,8443,true,HKG,Asia Pacific,Hong Kong,48 ms,2740 kB/s
104.19.104.12,8443,true,SJC,North America,San Jose,233 ms,2737 kB/s
104.19.104.230,8443,true,LAX,North America,Los Angeles,199 ms,2736 kB/s
104.19.103.155,8443,true,LAX,North America,Los Angeles,210 ms,2734 kB/s
104.19.103.88,8443,true,LAX,North America,Los Angeles,191 ms,2731 kB/s
104.19.104.234,8443,true,LAX,North America,Los Angeles,207 ms,2729 kB/s
162.159.138.196,8443,true,HKG,Asia Pacific,Hong Kong,53 ms,2724 kB/s
104.19.104.178,8443,true,LAX,North America,Los Angeles,215 ms,2724 kB/s
104.19.104.235,8443,true,LAX,North America,Los Angeles,200 ms,2724 kB/s
162.159.140.196,8443,true,HKG,Asia Pacific,Hong Kong,52 ms,2723 kB/s
162.159.140.57,8443,true,HKG,Asia Pacific,Hong Kong,85 ms,2722 kB/s
104.19.103.91,8443,true,LAX,North America,Los Angeles,192 ms,2721 kB/s
162.159.138.124,8443,true,HKG,Asia Pacific,Hong Kong,56 ms,2720 kB/s
162.159.138.49,8443,true,HKG,Asia Pacific,Hong Kong,108 ms,2719 kB/s
104.19.104.4,8443,true,LAX,North America,Los Angeles,226 ms,2719 kB/s
104.19.104.171,8443,true,LAX,North America,Los Angeles,192 ms,2719 kB/s
104.19.103.32,8443,true,SJC,North America,San Jose,206 ms,2718 kB/s
162.159.138.239,8443,true,HKG,Asia Pacific,Hong Kong,59 ms,2718 kB/s
162.159.142.213,8443,true,HKG,Asia Pacific,Hong Kong,57 ms,2717 kB/s
104.19.104.157,8443,true,LAX,North America,Los Angeles,208 ms,2715 kB/s
104.19.103.61,8443,true,LAX,North America,Los Angeles,200 ms,2715 kB/s
162.159.138.229,8443,true,HKG,Asia Pacific,Hong Kong,102 ms,2714 kB/s
104.19.103.49,8443,true,LAX,North America,Los Angeles,202 ms,2712 kB/s
104.19.104.228,8443,true,SJC,North America,San Jose,172 ms,2712 kB/s
104.19.104.239,8443,true,LAX,North America,Los Angeles,193 ms,2712 kB/s
162.159.140.100,8443,true,HKG,Asia Pacific,Hong Kong,74 ms,2709 kB/s
162.159.140.243,8443,true,HKG,Asia Pacific,Hong Kong,66 ms,2706 kB/s
104.19.103.120,8443,true,LAX,North America,Los Angeles,195 ms,2706 kB/s
104.19.103.119,8443,true,LAX,North America,Los Angeles,205 ms,2704 kB/s
104.19.104.86,8443,true,LAX,North America,Los Angeles,213 ms,2703 kB/s
162.159.138.202,8443,true,HKG,Asia Pacific,Hong Kong,118 ms,2703 kB/s
104.19.104.222,8443,true,LAX,North America,Los Angeles,195 ms,2701 kB/s
104.19.103.212,8443,true,LAX,North America,Los Angeles,194 ms,2701 kB/s
162.159.140.69,8443,true,HKG,Asia Pacific,Hong Kong,92 ms,2700 kB/s
104.19.104.64,8443,true,LAX,North America,Los Angeles,211 ms,2700 kB/s
104.19.103.2,8443,true,LAX,North America,Los Angeles,207 ms,2700 kB/s
162.159.142.203,8443,true,HKG,Asia Pacific,Hong Kong,56 ms,2699 kB/s
104.19.104.52,8443,true,SJC,North America,San Jose,222 ms,2694 kB/s
162.159.142.38,8443,true,HKG,Asia Pacific,Hong Kong,48 ms,2693 kB/s
162.159.142.159,8443,true,HKG,Asia Pacific,Hong Kong,74 ms,2693 kB/s
104.19.103.125,8443,true,LAX,North America,Los Angeles,200 ms,2693 kB/s
162.159.140.162,8443,true,HKG,Asia Pacific,Hong Kong,85 ms,2692 kB/s
104.19.104.229,8443,true,LAX,North America,Los Angeles,202 ms,2690 kB/s
162.159.138.52,8443,true,HKG,Asia Pacific,Hong Kong,70 ms,2687 kB/s
162.159.138.98,8443,true,HKG,Asia Pacific,Hong Kong,51 ms,2686 kB/s
162.159.138.128,8443,true,HKG,Asia Pacific,Hong Kong,53 ms,2685 kB/s
104.19.104.90,8443,true,LAX,North America,Los Angeles,211 ms,2684 kB/s
104.19.103.251,8443,true,LAX,North America,Los Angeles,216 ms,2684 kB/s
104.19.103.245,8443,true,LAX,North America,Los Angeles,203 ms,2684 kB/s
162.159.142.61,8443,true,HKG,Asia Pacific,Hong Kong,53 ms,2683 kB/s
104.19.103.99,8443,true,SJC,North America,San Jose,177 ms,2681 kB/s
104.19.104.247,8443,true,LAX,North America,Los Angeles,210 ms,2681 kB/s
162.159.140.18,8443,true,HKG,Asia Pacific,Hong Kong,80 ms,2680 kB/s
104.19.104.129,8443,true,SJC,North America,San Jose,205 ms,2673 kB/s
162.159.142.171,8443,true,HKG,Asia Pacific,Hong Kong,59 ms,2672 kB/s
162.159.138.177,8443,true,HKG,Asia Pacific,Hong Kong,56 ms,2671 kB/s
162.159.140.253,8443,true,HKG,Asia Pacific,Hong Kong,53 ms,2670 kB/s
162.159.138.39,8443,true,HKG,Asia Pacific,Hong Kong,139 ms,2669 kB/s
162.159.140.113,8443,true,HKG,Asia Pacific,Hong Kong,149 ms,2668 kB/s
104.19.104.224,8443,true,SJC,North America,San Jose,207 ms,2667 kB/s
104.19.104.218,8443,true,LAX,North America,Los Angeles,205 ms,2667 kB/s
162.159.138.30,8443,true,HKG,Asia Pacific,Hong Kong,48 ms,2667 kB/s
104.19.104.155,8443,true,LAX,North America,Los Angeles,197 ms,2664 kB/s
162.159.138.100,8443,true,HKG,Asia Pacific,Hong Kong,68 ms,2663 kB/s
162.159.142.33,8443,true,HKG,Asia Pacific,Hong Kong,67 ms,2655 kB/s
162.159.138.178,8443,true,HKG,Asia Pacific,Hong Kong,44 ms,2654 kB/s
162.159.142.195,8443,true,HKG,Asia Pacific,Hong Kong,50 ms,2652 kB/s
162.159.140.182,8443,true,HKG,Asia Pacific,Hong Kong,90 ms,2649 kB/s
104.19.104.212,8443,true,SJC,North America,San Jose,207 ms,2649 kB/s
162.159.142.128,8443,true,HKG,Asia Pacific,Hong Kong,70 ms,2649 kB/s
162.159.142.182,8443,true,HKG,Asia Pacific,Hong Kong,67 ms,2648 kB/s
162.159.142.124,8443,true,HKG,Asia Pacific,Hong Kong,65 ms,2647 kB/s
104.19.103.151,8443,true,LAX,North America,Los Angeles,203 ms,2647 kB/s
104.19.103.23,8443,true,LAX,North America,Los Angeles,179 ms,2646 kB/s
104.19.103.226,8443,true,LAX,North America,Los Angeles,208 ms,2645 kB/s
162.159.140.166,8443,true,HKG,Asia Pacific,Hong Kong,131 ms,2643 kB/s
104.19.103.109,8443,true,LAX,North America,Los Angeles,210 ms,2641 kB/s
162.159.138.172,8443,true,HKG,Asia Pacific,Hong Kong,82 ms,2641 kB/s
162.159.142.136,8443,true,HKG,Asia Pacific,Hong Kong,50 ms,2640 kB/s
162.159.142.186,8443,true,HKG,Asia Pacific,Hong Kong,61 ms,2636 kB/s
162.159.138.15,8443,true,HKG,Asia Pacific,Hong Kong,43 ms,2634 kB/s
162.159.140.254,8443,true,HKG,Asia Pacific,Hong Kong,69 ms,2634 kB/s
162.159.142.163,8443,true,HKG,Asia Pacific,Hong Kong,50 ms,2633 kB/s
162.159.138.92,8443,true,HKG,Asia Pacific,Hong Kong,51 ms,2633 kB/s
162.159.138.19,8443,true,HKG,Asia Pacific,Hong Kong,48 ms,2633 kB/s
162.159.138.163,8443,true,HKG,Asia Pacific,Hong Kong,89 ms,2631 kB/s
104.19.104.57,8443,true,LAX,North America,Los Angeles,204 ms,2630 kB/s
104.19.103.87,8443,true,SJC,North America,San Jose,207 ms,2629 kB/s
104.19.103.174,8443,true,LAX,North America,Los Angeles,199 ms,2628 kB/s
104.19.103.57,8443,true,SJC,North America,San Jose,203 ms,2627 kB/s
162.159.138.8,8443,true,HKG,Asia Pacific,Hong Kong,50 ms,2623 kB/s
162.159.142.43,8443,true,HKG,Asia Pacific,Hong Kong,59 ms,2622 kB/s
104.19.103.107,8443,true,LAX,North America,Los Angeles,208 ms,2622 kB/s
104.19.104.13,8443,true,LAX,North America,Los Angeles,225 ms,2622 kB/s
104.19.103.123,8443,true,LAX,North America,Los Angeles,188 ms,2621 kB/s
162.159.142.241,8443,true,HKG,Asia Pacific,Hong Kong,100 ms,2621 kB/s
162.159.138.129,8443,true,HKG,Asia Pacific,Hong Kong,50 ms,2620 kB/s
104.19.104.81,8443,true,SJC,North America,San Jose,165 ms,2620 kB/s
104.19.103.71,8443,true,SJC,North America,San Jose,173 ms,2619 kB/s
162.159.138.245,8443,true,HKG,Asia Pacific,Hong Kong,77 ms,2619 kB/s
162.159.140.131,8443,true,HKG,Asia Pacific,Hong Kong,61 ms,2616 kB/s
104.19.103.196,8443,true,LAX,North America,Los Angeles,200 ms,2615 kB/s
104.19.104.73,8443,true,SJC,North America,San Jose,191 ms,2614 kB/s
104.19.104.79,8443,true,SJC,North America,San Jose,183 ms,2608 kB/s
104.19.103.41,8443,true,SJC,North America,San Jose,205 ms,2607 kB/s
162.159.138.123,8443,true,HKG,Asia Pacific,Hong Kong,57 ms,2606 kB/s
104.19.103.20,8443,true,SJC,North America,San Jose,206 ms,2605 kB/s
104.19.103.101,8443,true,SJC,North America,San Jose,213 ms,2605 kB/s
104.19.104.5,8443,true,LAX,North America,Los Angeles,206 ms,2605 kB/s
104.19.103.18,8443,true,SJC,North America,San Jose,176 ms,2604 kB/s
162.159.138.174,8443,true,HKG,Asia Pacific,Hong Kong,51 ms,2604 kB/s
162.159.140.15,8443,true,HKG,Asia Pacific,Hong Kong,73 ms,2604 kB/s
104.19.103.204,8443,true,SJC,North America,San Jose,200 ms,2603 kB/s
104.19.104.183,8443,true,LAX,North America,Los Angeles,206 ms,2603 kB/s
162.159.140.255,8443,true,HKG,Asia Pacific,Hong Kong,70 ms,2603 kB/s
104.19.104.139,8443,true,SJC,North America,San Jose,145 ms,2602 kB/s
162.159.138.227,8443,true,HKG,Asia Pacific,Hong Kong,50 ms,2600 kB/s
104.19.104.117,8443,true,LAX,North America,Los Angeles,192 ms,2597 kB/s
104.19.103.6,8443,true,LAX,North America,Los Angeles,200 ms,2593 kB/s
104.19.104.113,8443,true,LAX,North America,Los Angeles,206 ms,2592 kB/s
104.19.104.214,8443,true,LAX,North America,Los Angeles,204 ms,2591 kB/s
104.19.104.44,8443,true,LAX,North America,Los Angeles,228 ms,2589 kB/s
104.19.104.38,8443,true,SJC,North America,San Jose,184 ms,2589 kB/s
104.19.104.207,8443,true,LAX,North America,Los Angeles,203 ms,2589 kB/s
162.159.138.246,8443,true,HKG,Asia Pacific,Hong Kong,51 ms,2588 kB/s
162.159.142.77,8443,true,HKG,Asia Pacific,Hong Kong,72 ms,2588 kB/s
104.19.103.94,8443,true,LAX,North America,Los Angeles,200 ms,2588 kB/s
162.159.138.12,8443,true,HKG,Asia Pacific,Hong Kong,49 ms,2586 kB/s
104.19.104.49,8443,true,LAX,North America,Los Angeles,213 ms,2585 kB/s
162.159.140.163,8443,true,HKG,Asia Pacific,Hong Kong,197 ms,2585 kB/s
104.19.104.97,8443,true,SJC,North America,San Jose,193 ms,2585 kB/s
104.19.104.202,8443,true,LAX,North America,Los Angeles,210 ms,2583 kB/s
104.19.103.156,8443,true,SJC,North America,San Jose,201 ms,2580 kB/s
104.19.104.112,8443,true,LAX,North America,Los Angeles,210 ms,2580 kB/s
104.19.103.51,8443,true,LAX,North America,Los Angeles,199 ms,2580 kB/s
104.19.104.246,8443,true,LAX,North America,Los Angeles,204 ms,2577 kB/s
162.159.140.83,8443,true,HKG,Asia Pacific,Hong Kong,167 ms,2576 kB/s
104.19.104.83,8443,true,LAX,North America,Los Angeles,223 ms,2576 kB/s
162.159.142.180,8443,true,HKG,Asia Pacific,Hong Kong,67 ms,2576 kB/s
104.19.104.19,8443,true,LAX,North America,Los Angeles,242 ms,2575 kB/s
104.19.104.72,8443,true,LAX,North America,Los Angeles,243 ms,2574 kB/s
162.159.140.122,8443,true,HKG,Asia Pacific,Hong Kong,53 ms,2571 kB/s
104.19.103.126,8443,true,SJC,North America,San Jose,213 ms,2571 kB/s
104.19.104.116,8443,true,LAX,North America,Los Angeles,171 ms,2570 kB/s
104.19.103.36,8443,true,SJC,North America,San Jose,203 ms,2569 kB/s
104.19.104.237,8443,true,LAX,North America,Los Angeles,194 ms,2567 kB/s
162.159.142.144,8443,true,HKG,Asia Pacific,Hong Kong,48 ms,2563 kB/s
104.19.104.146,8443,true,LAX,North America,Los Angeles,204 ms,2562 kB/s
104.19.104.26,8443,true,SJC,North America,San Jose,195 ms,2561 kB/s
162.159.138.13,8443,true,HKG,Asia Pacific,Hong Kong,52 ms,2558 kB/s
104.19.103.195,8443,true,LAX,North America,Los Angeles,180 ms,2557 kB/s
104.19.104.219,8443,true,LAX,North America,Los Angeles,193 ms,2552 kB/s
162.159.142.146,8443,true,HKG,Asia Pacific,Hong Kong,57 ms,2551 kB/s
104.19.103.154,8443,true,LAX,North America,Los Angeles,203 ms,2550 kB/s
104.19.104.126,8443,true,SJC,North America,San Jose,208 ms,2548 kB/s
104.19.103.216,8443,true,LAX,North America,Los Angeles,210 ms,2546 kB/s
162.159.138.189,8443,true,HKG,Asia Pacific,Hong Kong,58 ms,2545 kB/s
104.19.104.156,8443,true,LAX,North America,Los Angeles,204 ms,2544 kB/s
104.19.104.141,8443,true,LAX,North America,Los Angeles,170 ms,2543 kB/s
162.159.140.239,8443,true,HKG,Asia Pacific,Hong Kong,64 ms,2541 kB/s
162.159.140.80,8443,true,HKG,Asia Pacific,Hong Kong,44 ms,2540 kB/s
162.159.138.17,8443,true,HKG,Asia Pacific,Hong Kong,61 ms,2538 kB/s
162.159.140.250,8443,true,HKG,Asia Pacific,Hong Kong,57 ms,2537 kB/s
104.19.104.167,8443,true,SJC,North America,San Jose,175 ms,2537 kB/s
162.159.138.35,8443,true,HKG,Asia Pacific,Hong Kong,53 ms,2536 kB/s
104.19.103.117,8443,true,LAX,North America,Los Angeles,195 ms,2534 kB/s
104.19.103.218,8443,true,SJC,North America,San Jose,173 ms,2533 kB/s
104.19.104.7,8443,true,SJC,North America,San Jose,217 ms,2532 kB/s
162.159.142.162,8443,true,HKG,Asia Pacific,Hong Kong,58 ms,2529 kB/s
104.19.104.35,8443,true,LAX,North America,Los Angeles,225 ms,2529 kB/s
162.159.138.80,8443,true,HKG,Asia Pacific,Hong Kong,58 ms,2526 kB/s
104.19.104.111,8443,true,LAX,North America,Los Angeles,195 ms,2525 kB/s
104.19.103.137,8443,true,LAX,North America,Los Angeles,202 ms,2524 kB/s
162.159.142.34,8443,true,HKG,Asia Pacific,Hong Kong,67 ms,2524 kB/s
104.19.103.50,8443,true,SJC,North America,San Jose,193 ms,2523 kB/s
162.159.142.111,8443,true,HKG,Asia Pacific,Hong Kong,49 ms,2522 kB/s
162.159.138.147,8443,true,HKG,Asia Pacific,Hong Kong,48 ms,2522 kB/s
104.19.104.231,8443,true,LAX,North America,Los Angeles,193 ms,2522 kB/s
104.19.104.33,8443,true,LAX,North America,Los Angeles,198 ms,2520 kB/s
104.19.103.160,8443,true,SJC,North America,San Jose,200 ms,2519 kB/s
162.159.140.244,8443,true,HKG,Asia Pacific,Hong Kong,43 ms,2519 kB/s
104.19.103.9,8443,true,LAX,North America,Los Angeles,206 ms,2519 kB/s
162.159.138.127,8443,true,HKG,Asia Pacific,Hong Kong,201 ms,2517 kB/s
162.159.138.25,8443,true,HKG,Asia Pacific,Hong Kong,61 ms,2517 kB/s
104.19.104.121,8443,true,LAX,North America,Los Angeles,204 ms,2516 kB/s
104.19.104.160,8443,true,LAX,North America,Los Angeles,204 ms,2516 kB/s
162.159.142.127,8443,true,HKG,Asia Pacific,Hong Kong,65 ms,2515 kB/s
104.19.103.96,8443,true,LAX,North America,Los Angeles,201 ms,2513 kB/s
104.19.103.37,8443,true,LAX,North America,Los Angeles,219 ms,2512 kB/s
162.159.138.97,8443,true,HKG,Asia Pacific,Hong Kong,56 ms,2511 kB/s
104.19.103.82,8443,true,LAX,North America,Los Angeles,193 ms,2511 kB/s
162.159.142.8,8443,true,HKG,Asia Pacific,Hong Kong,50 ms,2511 kB/s
104.19.104.168,8443,true,LAX,North America,Los Angeles,193 ms,2509 kB/s
104.19.104.130,8443,true,SJC,North America,San Jose,206 ms,2508 kB/s
162.159.140.137,8443,true,HKG,Asia Pacific,Hong Kong,56 ms,2504 kB/s
162.159.142.189,8443,true,HKG,Asia Pacific,Hong Kong,53 ms,2504 kB/s
104.19.104.134,8443,true,SJC,North America,San Jose,201 ms,2504 kB/s
104.19.104.248,8443,true,SJC,North America,San Jose,171 ms,2503 kB/s
104.19.103.217,8443,true,LAX,North America,Los Angeles,200 ms,2500 kB/s
104.19.104.46,8443,true,LAX,North America,Los Angeles,242 ms,2500 kB/s
162.159.138.47,8443,true,HKG,Asia Pacific,Hong Kong,74 ms,2499 kB/s
162.159.142.112,8443,true,HKG,Asia Pacific,Hong Kong,48 ms,2499 kB/s
162.159.142.60,8443,true,HKG,Asia Pacific,Hong Kong,52 ms,2496 kB/s
104.19.103.209,8443,true,SJC,North America,San Jose,207 ms,2496 kB/s
104.19.104.54,8443,true,LAX,North America,Los Angeles,207 ms,2494 kB/s
104.19.103.118,8443,true,LAX,North America,Los Angeles,197 ms,2494 kB/s
162.159.138.243,8443,true,HKG,Asia Pacific,Hong Kong,110 ms,2494 kB/s
104.19.103.210,8443,true,LAX,North America,Los Angeles,199 ms,2494 kB/s
104.19.104.238,8443,true,LAX,North America,Los Angeles,215 ms,2493 kB/s
104.19.104.170,8443,true,LAX,North America,Los Angeles,211 ms,2493 kB/s
104.19.103.177,8443,true,LAX,North America,Los Angeles,207 ms,2492 kB/s
162.159.138.223,8443,true,HKG,Asia Pacific,Hong Kong,63 ms,2490 kB/s
104.19.103.29,8443,true,LAX,North America,Los Angeles,192 ms,2488 kB/s
104.19.103.135,8443,true,LAX,North America,Los Angeles,224 ms,2488 kB/s
104.19.103.60,8443,true,LAX,North America,Los Angeles,194 ms,2487 kB/s
162.159.142.69,8443,true,HKG,Asia Pacific,Hong Kong,52 ms,2486 kB/s
162.159.140.247,8443,true,HKG,Asia Pacific,Hong Kong,71 ms,2486 kB/s
104.19.103.78,8443,true,LAX,North America,Los Angeles,196 ms,2485 kB/s
104.19.104.220,8443,true,LAX,North America,Los Angeles,198 ms,2484 kB/s
162.159.140.183,8443,true,HKG,Asia Pacific,Hong Kong,68 ms,2483 kB/s
162.159.142.132,8443,true,HKG,Asia Pacific,Hong Kong,49 ms,2480 kB/s
104.19.103.33,8443,true,LAX,North America,Los Angeles,207 ms,2480 kB/s
104.19.104.56,8443,true,LAX,North America,Los Angeles,229 ms,2480 kB/s
104.19.104.89,8443,true,LAX,North America,Los Angeles,228 ms,2479 kB/s
104.19.103.142,8443,true,LAX,North America,Los Angeles,211 ms,2475 kB/s
104.19.104.242,8443,true,LAX,North America,Los Angeles,196 ms,2474 kB/s
162.159.142.147,8443,true,HKG,Asia Pacific,Hong Kong,60 ms,2474 kB/s
104.19.103.89,8443,true,SJC,North America,San Jose,200 ms,2472 kB/s
104.19.103.73,8443,true,SJC,North America,San Jose,167 ms,2472 kB/s
162.159.138.175,8443,true,HKG,Asia Pacific,Hong Kong,43 ms,2471 kB/s
162.159.140.52,8443,true,HKG,Asia Pacific,Hong Kong,49 ms,2471 kB/s
162.159.142.113,8443,true,HKG,Asia Pacific,Hong Kong,50 ms,2471 kB/s
104.19.103.182,8443,true,LAX,North America,Los Angeles,200 ms,2470 kB/s
162.159.138.101,8443,true,HKG,Asia Pacific,Hong Kong,51 ms,2470 kB/s
104.19.103.133,8443,true,LAX,North America,Los Angeles,202 ms,2470 kB/s
104.19.104.94,8443,true,LAX,North America,Los Angeles,237 ms,2469 kB/s
104.19.104.240,8443,true,LAX,North America,Los Angeles,198 ms,2468 kB/s
162.159.142.31,8443,true,HKG,Asia Pacific,Hong Kong,58 ms,2466 kB/s
104.19.103.95,8443,true,LAX,North America,Los Angeles,204 ms,2465 kB/s
104.19.104.196,8443,true,SJC,North America,San Jose,195 ms,2465 kB/s
104.19.103.102,8443,true,LAX,North America,Los Angeles,195 ms,2463 kB/s
162.159.138.54,8443,true,HKG,Asia Pacific,Hong Kong,69 ms,2462 kB/s
104.19.104.43,8443,true,SJC,North America,San Jose,185 ms,2457 kB/s
162.159.140.173,8443,true,HKG,Asia Pacific,Hong Kong,111 ms,2457 kB/s
104.19.103.203,8443,true,LAX,North America,Los Angeles,198 ms,2453 kB/s
104.19.104.186,8443,true,LAX,North America,Los Angeles,204 ms,2452 kB/s
162.159.140.200,8443,true,HKG,Asia Pacific,Hong Kong,81 ms,2450 kB/s
162.159.138.69,8443,true,HKG,Asia Pacific,Hong Kong,62 ms,2447 kB/s
162.159.142.236,8443,true,HKG,Asia Pacific,Hong Kong,93 ms,2446 kB/s
104.19.103.122,8443,true,SJC,North America,San Jose,207 ms,2446 kB/s
104.19.104.22,8443,true,SJC,North America,San Jose,243 ms,2441 kB/s
162.159.142.116,8443,true,HKG,Asia Pacific,Hong Kong,170 ms,2441 kB/s
104.19.103.161,8443,true,LAX,North America,Los Angeles,215 ms,2440 kB/s
162.159.140.126,8443,true,HKG,Asia Pacific,Hong Kong,63 ms,2438 kB/s
162.159.138.60,8443,true,HKG,Asia Pacific,Hong Kong,57 ms,2436 kB/s
104.19.103.105,8443,true,SJC,North America,San Jose,179 ms,2436 kB/s
162.159.142.97,8443,true,HKG,Asia Pacific,Hong Kong,56 ms,2435 kB/s
104.19.104.69,8443,true,LAX,North America,Los Angeles,230 ms,2434 kB/s
162.159.140.46,8443,true,HKG,Asia Pacific,Hong Kong,54 ms,2432 kB/s
104.19.104.137,8443,true,LAX,North America,Los Angeles,204 ms,2431 kB/s
104.19.104.98,8443,true,LAX,North America,Los Angeles,222 ms,2431 kB/s
162.159.140.108,8443,true,HKG,Asia Pacific,Hong Kong,126 ms,2428 kB/s
162.159.138.42,8443,true,HKG,Asia Pacific,Hong Kong,75 ms,2428 kB/s
162.159.138.203,8443,true,HKG,Asia Pacific,Hong Kong,123 ms,2423 kB/s
162.159.140.220,8443,true,HKG,Asia Pacific,Hong Kong,150 ms,2422 kB/s
104.19.104.25,8443,true,LAX,North America,Los Angeles,213 ms,2421 kB/s
104.19.104.99,8443,true,LAX,North America,Los Angeles,213 ms,2421 kB/s
162.159.138.88,8443,true,HKG,Asia Pacific,Hong Kong,63 ms,2418 kB/s
162.159.138.71,8443,true,HKG,Asia Pacific,Hong Kong,46 ms,2417 kB/s
104.19.104.187,8443,true,SJC,North America,San Jose,145 ms,2417 kB/s
162.159.138.255,8443,true,HKG,Asia Pacific,Hong Kong,88 ms,2416 kB/s
104.19.104.123,8443,true,LAX,North America,Los Angeles,195 ms,2415 kB/s
162.159.138.198,8443,true,HKG,Asia Pacific,Hong Kong,53 ms,2414 kB/s
162.159.140.157,8443,true,HKG,Asia Pacific,Hong Kong,83 ms,2412 kB/s
104.19.104.92,8443,true,SJC,North America,San Jose,162 ms,2411 kB/s
104.19.103.25,8443,true,SJC,North America,San Jose,145 ms,2410 kB/s
104.19.103.80,8443,true,LAX,North America,Los Angeles,206 ms,2409 kB/s
162.159.140.47,8443,true,HKG,Asia Pacific,Hong Kong,57 ms,2408 kB/s
104.19.103.170,8443,true,SJC,North America,San Jose,195 ms,2407 kB/s
104.19.103.64,8443,true,SJC,North America,San Jose,147 ms,2406 kB/s
104.19.104.118,8443,true,LAX,North America,Los Angeles,207 ms,2406 kB/s
162.159.140.10,8443,true,HKG,Asia Pacific,Hong Kong,51 ms,2405 kB/s
104.19.103.194,8443,true,LAX,North America,Los Angeles,192 ms,2404 kB/s
104.19.103.8,8443,true,LAX,North America,Los Angeles,202 ms,2404 kB/s
104.19.104.206,8443,true,LAX,North America,Los Angeles,200 ms,2404 kB/s
104.19.104.245,8443,true,SJC,North America,San Jose,207 ms,2403 kB/s
104.19.103.84,8443,true,SJC,North America,San Jose,198 ms,2403 kB/s
104.19.103.152,8443,true,SJC,North America,San Jose,200 ms,2402 kB/s
104.19.103.69,8443,true,LAX,North America,Los Angeles,198 ms,2401 kB/s
104.19.104.61,8443,true,LAX,North America,Los Angeles,215 ms,2400 kB/s
104.19.104.253,8443,true,LAX,North America,Los Angeles,194 ms,2400 kB/s
104.19.104.152,8443,true,SJC,North America,San Jose,206 ms,2399 kB/s
162.159.142.101,8443,true,HKG,Asia Pacific,Hong Kong,188 ms,2398 kB/s
162.159.142.118,8443,true,HKG,Asia Pacific,Hong Kong,83 ms,2398 kB/s
162.159.142.191,8443,true,HKG,Asia Pacific,Hong Kong,57 ms,2395 kB/s
104.19.104.103,8443,true,LAX,North America,Los Angeles,204 ms,2394 kB/s
162.159.138.133,8443,true,HKG,Asia Pacific,Hong Kong,53 ms,2392 kB/s
162.159.140.41,8443,true,HKG,Asia Pacific,Hong Kong,59 ms,2390 kB/s
104.19.103.169,8443,true,LAX,North America,Los Angeles,199 ms,2387 kB/s
104.19.103.130,8443,true,SJC,North America,San Jose,229 ms,2383 kB/s
104.19.103.85,8443,true,LAX,North America,Los Angeles,195 ms,2383 kB/s
104.19.103.175,8443,true,LAX,North America,Los Angeles,205 ms,2380 kB/s
104.19.103.79,8443,true,LAX,North America,Los Angeles,209 ms,2379 kB/s
162.159.142.242,8443,true,HKG,Asia Pacific,Hong Kong,59 ms,2378 kB/s
104.19.104.252,8443,true,SJC,North America,San Jose,192 ms,2377 kB/s
162.159.140.176,8443,true,HKG,Asia Pacific,Hong Kong,84 ms,2376 kB/s
162.159.138.151,8443,true,HKG,Asia Pacific,Hong Kong,51 ms,2375 kB/s
104.19.104.131,8443,true,LAX,North America,Los Angeles,197 ms,2375 kB/s
104.19.104.37,8443,true,SJC,North America,San Jose,217 ms,2373 kB/s
104.19.103.208,8443,true,SJC,North America,San Jose,154 ms,2372 kB/s
104.19.104.1,8443,true,SJC,North America,San Jose,210 ms,2368 kB/s
104.19.104.203,8443,true,LAX,North America,Los Angeles,207 ms,2367 kB/s
104.19.104.124,8443,true,LAX,North America,Los Angeles,210 ms,2366 kB/s
104.19.104.190,8443,true,LAX,North America,Los Angeles,201 ms,2365 kB/s
104.19.103.181,8443,true,LAX,North America,Los Angeles,202 ms,2364 kB/s
104.19.104.243,8443,true,LAX,North America,Los Angeles,199 ms,2363 kB/s
104.19.104.175,8443,true,LAX,North America,Los Angeles,217 ms,2361 kB/s
104.19.104.105,8443,true,LAX,North America,Los Angeles,202 ms,2360 kB/s
162.159.140.35,8443,true,HKG,Asia Pacific,Hong Kong,55 ms,2359 kB/s
162.159.138.125,8443,true,HKG,Asia Pacific,Hong Kong,52 ms,2358 kB/s
104.19.104.102,8443,true,LAX,North America,Los Angeles,204 ms,2357 kB/s
162.159.140.233,8443,true,HKG,Asia Pacific,Hong Kong,45 ms,2356 kB/s
162.159.138.14,8443,true,HKG,Asia Pacific,Hong Kong,48 ms,2354 kB/s
104.19.104.11,8443,true,LAX,North America,Los Angeles,239 ms,2351 kB/s
104.19.104.77,8443,true,SJC,North America,San Jose,212 ms,2351 kB/s
162.159.142.161,8443,true,HKG,Asia Pacific,Hong Kong,54 ms,2347 kB/s
162.159.142.240,8443,true,HKG,Asia Pacific,Hong Kong,78 ms,2346 kB/s
104.19.104.205,8443,true,LAX,North America,Los Angeles,202 ms,2345 kB/s
162.159.138.211,8443,true,HKG,Asia Pacific,Hong Kong,53 ms,2344 kB/s
162.159.138.96,8443,true,HKG,Asia Pacific,Hong Kong,53 ms,2341 kB/s
162.159.142.156,8443,true,HKG,Asia Pacific,Hong Kong,186 ms,2338 kB/s
104.19.103.93,8443,true,LAX,North America,Los Angeles,209 ms,2338 kB/s
162.159.138.32,8443,true,HKG,Asia Pacific,Hong Kong,65 ms,2337 kB/s
104.19.104.2,8443,true,LAX,North America,Los Angeles,220 ms,2336 kB/s
104.19.103.16,8443,true,LAX,North America,Los Angeles,194 ms,2334 kB/s
162.159.140.43,8443,true,HKG,Asia Pacific,Hong Kong,55 ms,2332 kB/s
104.19.104.75,8443,true,LAX,North America,Los Angeles,241 ms,2327 kB/s
104.19.104.127,8443,true,SJC,North America,San Jose,137 ms,2325 kB/s
104.19.104.166,8443,true,LAX,North America,Los Angeles,214 ms,2322 kB/s
104.19.104.16,8443,true,SJC,North America,San Jose,183 ms,2322 kB/s
162.159.140.32,8443,true,HKG,Asia Pacific,Hong Kong,63 ms,2322 kB/s
104.19.104.176,8443,true,LAX,North America,Los Angeles,195 ms,2319 kB/s
162.159.142.231,8443,true,HKG,Asia Pacific,Hong Kong,119 ms,2317 kB/s
162.159.138.216,8443,true,HKG,Asia Pacific,Hong Kong,52 ms,2314 kB/s
104.19.104.210,8443,true,LAX,North America,Los Angeles,207 ms,2313 kB/s
104.19.104.172,8443,true,LAX,North America,Los Angeles,206 ms,2312 kB/s
104.19.104.41,8443,true,SJC,North America,San Jose,155 ms,2311 kB/s
104.19.104.104,8443,true,LAX,North America,Los Angeles,201 ms,2311 kB/s
104.19.103.220,8443,true,LAX,North America,Los Angeles,205 ms,2310 kB/s
104.19.103.171,8443,true,LAX,North America,Los Angeles,205 ms,2310 kB/s
104.19.104.68,8443,true,LAX,North America,Los Angeles,209 ms,2308 kB/s
104.19.104.28,8443,true,SJC,North America,San Jose,215 ms,2307 kB/s
104.19.103.176,8443,true,SJC,North America,San Jose,204 ms,2305 kB/s
104.19.104.236,8443,true,LAX,North America,Los Angeles,194 ms,2305 kB/s
104.19.103.77,8443,true,LAX,North America,Los Angeles,199 ms,2304 kB/s
162.159.140.114,8443,true,HKG,Asia Pacific,Hong Kong,149 ms,2303 kB/s
104.19.103.59,8443,true,LAX,North America,Los Angeles,199 ms,2303 kB/s
162.159.138.46,8443,true,HKG,Asia Pacific,Hong Kong,52 ms,2300 kB/s
104.19.104.32,8443,true,LAX,North America,Los Angeles,239 ms,2300 kB/s
104.19.103.205,8443,true,LAX,North America,Los Angeles,194 ms,2296 kB/s
162.159.140.49,8443,true,HKG,Asia Pacific,Hong Kong,55 ms,2296 kB/s
104.19.104.101,8443,true,LAX,North America,Los Angeles,207 ms,2296 kB/s
162.159.142.209,8443,true,HKG,Asia Pacific,Hong Kong,62 ms,2294 kB/s
104.19.104.150,8443,true,LAX,North America,Los Angeles,195 ms,2293 kB/s
162.159.142.153,8443,true,HKG,Asia Pacific,Hong Kong,55 ms,2288 kB/s
162.159.138.219,8443,true,HKG,Asia Pacific,Hong Kong,61 ms,2288 kB/s
104.19.104.199,8443,true,LAX,North America,Los Angeles,212 ms,2287 kB/s
162.159.140.14,8443,true,HKG,Asia Pacific,Hong Kong,53 ms,2282 kB/s
104.19.104.194,8443,true,LAX,North America,Los Angeles,192 ms,2281 kB/s
104.19.104.87,8443,true,LAX,North America,Los Angeles,223 ms,2277 kB/s
104.19.104.180,8443,true,LAX,North America,Los Angeles,211 ms,2276 kB/s
162.159.138.119,8443,true,HKG,Asia Pacific,Hong Kong,85 ms,2275 kB/s
104.19.104.200,8443,true,LAX,North America,Los Angeles,203 ms,2274 kB/s
162.159.138.213,8443,true,HKG,Asia Pacific,Hong Kong,59 ms,2273 kB/s
162.159.142.226,8443,true,HKG,Asia Pacific,Hong Kong,123 ms,2270 kB/s
104.19.104.88,8443,true,SJC,North America,San Jose,197 ms,2269 kB/s
162.159.140.155,8443,true,HKG,Asia Pacific,Hong Kong,57 ms,2268 kB/s
162.159.138.73,8443,true,HKG,Asia Pacific,Hong Kong,66 ms,2268 kB/s
104.19.104.67,8443,true,LAX,North America,Los Angeles,209 ms,2267 kB/s
162.159.142.110,8443,true,HKG,Asia Pacific,Hong Kong,63 ms,2266 kB/s
162.159.142.220,8443,true,HKG,Asia Pacific,Hong Kong,75 ms,2264 kB/s
162.159.140.99,8443,true,HKG,Asia Pacific,Hong Kong,69 ms,2263 kB/s
104.19.103.139,8443,true,LAX,North America,Los Angeles,201 ms,2253 kB/s
162.159.138.57,8443,true,HKG,Asia Pacific,Hong Kong,47 ms,2251 kB/s
104.19.103.108,8443,true,LAX,North America,Los Angeles,209 ms,2250 kB/s
162.159.138.50,8443,true,HKG,Asia Pacific,Hong Kong,122 ms,2247 kB/s
162.159.138.248,8443,true,HKG,Asia Pacific,Hong Kong,64 ms,2247 kB/s
162.159.138.55,8443,true,HKG,Asia Pacific,Hong Kong,59 ms,2246 kB/s
162.159.138.90,8443,true,HKG,Asia Pacific,Hong Kong,51 ms,2246 kB/s
162.159.142.254,8443,true,HKG,Asia Pacific,Hong Kong,190 ms,2245 kB/s
104.19.104.106,8443,true,LAX,North America,Los Angeles,215 ms,2243 kB/s
162.159.142.106,8443,true,HKG,Asia Pacific,Hong Kong,59 ms,2233 kB/s
104.19.104.34,8443,true,LAX,North America,Los Angeles,225 ms,2232 kB/s
104.19.103.178,8443,true,SJC,North America,San Jose,198 ms,2228 kB/s
104.19.104.208,8443,true,SJC,North America,San Jose,147 ms,2227 kB/s
104.19.103.21,8443,true,LAX,North America,Los Angeles,202 ms,2226 kB/s
104.19.104.133,8443,true,SJC,North America,San Jose,197 ms,2225 kB/s
162.159.140.78,8443,true,HKG,Asia Pacific,Hong Kong,64 ms,2223 kB/s
104.19.104.65,8443,true,LAX,North America,Los Angeles,209 ms,2216 kB/s
104.19.104.85,8443,true,LAX,North America,Los Angeles,235 ms,2214 kB/s
104.19.104.84,8443,true,SJC,North America,San Jose,157 ms,2214 kB/s
162.159.138.61,8443,true,HKG,Asia Pacific,Hong Kong,58 ms,2213 kB/s
104.19.104.140,8443,true,LAX,North America,Los Angeles,196 ms,2212 kB/s
104.19.104.95,8443,true,LAX,North America,Los Angeles,234 ms,2211 kB/s
104.19.104.55,8443,true,SJC,North America,San Jose,204 ms,2208 kB/s
162.159.140.40,8443,true,HKG,Asia Pacific,Hong Kong,46 ms,2198 kB/s
104.19.103.136,8443,true,SJC,North America,San Jose,218 ms,2196 kB/s
104.19.104.82,8443,true,LAX,North America,Los Angeles,234 ms,2194 kB/s
104.19.103.159,8443,true,SJC,North America,San Jose,176 ms,2194 kB/s
162.159.138.62,8443,true,HKG,Asia Pacific,Hong Kong,53 ms,2185 kB/s
104.19.104.142,8443,true,LAX,North America,Los Angeles,212 ms,2184 kB/s
162.159.140.152,8443,true,HKG,Asia Pacific,Hong Kong,55 ms,2181 kB/s
104.19.103.13,8443,true,SJC,North America,San Jose,181 ms,2181 kB/s
162.159.138.137,8443,true,HKG,Asia Pacific,Hong Kong,83 ms,2180 kB/s
104.19.104.21,8443,true,SJC,North America,San Jose,194 ms,2171 kB/s
104.19.104.8,8443,true,LAX,North America,Los Angeles,239 ms,2169 kB/s
104.19.104.204,8443,true,SJC,North America,San Jose,194 ms,2169 kB/s
104.19.104.249,8443,true,LAX,North America,Los Angeles,225 ms,2169 kB/s
162.159.138.28,8443,true,HKG,Asia Pacific,Hong Kong,137 ms,2165 kB/s
104.19.104.138,8443,true,LAX,North America,Los Angeles,218 ms,2165 kB/s
162.159.138.109,8443,true,HKG,Asia Pacific,Hong Kong,50 ms,2165 kB/s
104.19.103.190,8443,true,SJC,North America,San Jose,175 ms,2161 kB/s
162.159.140.9,8443,true,HKG,Asia Pacific,Hong Kong,54 ms,2160 kB/s
104.19.103.185,8443,true,LAX,North America,Los Angeles,213 ms,2157 kB/s
104.19.103.127,8443,true,LAX,North America,Los Angeles,179 ms,2157 kB/s
162.159.140.4,8443,true,HKG,Asia Pacific,Hong Kong,91 ms,2155 kB/s
162.159.142.233,8443,true,HKG,Asia Pacific,Hong Kong,53 ms,2154 kB/s
104.19.103.197,8443,true,SJC,North America,San Jose,184 ms,2152 kB/s
162.159.138.143,8443,true,HKG,Asia Pacific,Hong Kong,66 ms,2151 kB/s
162.159.138.56,8443,true,HKG,Asia Pacific,Hong Kong,58 ms,2149 kB/s
104.19.103.153,8443,true,SJC,North America,San Jose,174 ms,2145 kB/s
104.19.103.173,8443,true,LAX,North America,Los Angeles,188 ms,2144 kB/s
162.159.138.165,8443,true,HKG,Asia Pacific,Hong Kong,44 ms,2143 kB/s
162.159.138.40,8443,true,HKG,Asia Pacific,Hong Kong,162 ms,2142 kB/s
162.159.142.204,8443,true,HKG,Asia Pacific,Hong Kong,57 ms,2141 kB/s
162.159.142.74,8443,true,HKG,Asia Pacific,Hong Kong,49 ms,2134 kB/s
162.159.142.76,8443,true,HKG,Asia Pacific,Hong Kong,64 ms,2126 kB/s
104.19.103.252,8443,true,LAX,North America,Los Angeles,205 ms,2123 kB/s
104.19.103.239,8443,true,LAX,North America,Los Angeles,204 ms,2121 kB/s
162.159.140.139,8443,true,HKG,Asia Pacific,Hong Kong,53 ms,2116 kB/s
162.159.138.94,8443,true,HKG,Asia Pacific,Hong Kong,56 ms,2115 kB/s
162.159.138.142,8443,true,HKG,Asia Pacific,Hong Kong,44 ms,2115 kB/s
162.159.140.211,8443,true,HKG,Asia Pacific,Hong Kong,52 ms,2111 kB/s
104.19.103.7,8443,true,LAX,North America,Los Angeles,207 ms,2103 kB/s
162.159.142.228,8443,true,HKG,Asia Pacific,Hong Kong,73 ms,2099 kB/s
104.19.104.74,8443,true,SJC,North America,San Jose,211 ms,2089 kB/s
104.19.104.27,8443,true,SJC,North America,San Jose,214 ms,2086 kB/s
104.19.104.60,8443,true,SJC,North America,San Jose,234 ms,2082 kB/s
104.19.103.163,8443,true,SJC,North America,San Jose,179 ms,2082 kB/s
162.159.140.87,8443,true,HKG,Asia Pacific,Hong Kong,55 ms,2081 kB/s
162.159.140.84,8443,true,HKG,Asia Pacific,Hong Kong,147 ms,2074 kB/s
162.159.140.178,8443,true,HKG,Asia Pacific,Hong Kong,81 ms,2071 kB/s
162.159.140.234,8443,true,HKG,Asia Pacific,Hong Kong,57 ms,2067 kB/s
104.19.103.214,8443,true,LAX,North America,Los Angeles,204 ms,2045 kB/s
162.159.138.74,8443,true,HKG,Asia Pacific,Hong Kong,48 ms,2042 kB/s
162.159.140.12,8443,true,HKG,Asia Pacific,Hong Kong,58 ms,2040 kB/s
162.159.142.120,8443,true,HKG,Asia Pacific,Hong Kong,72 ms,2027 kB/s
162.159.138.59,8443,true,HKG,Asia Pacific,Hong Kong,48 ms,2021 kB/s
162.159.138.144,8443,true,HKG,Asia Pacific,Hong Kong,67 ms,2015 kB/s
162.159.138.120,8443,true,HKG,Asia Pacific,Hong Kong,149 ms,2000 kB/s
104.19.104.93,8443,true,LAX,North America,Los Angeles,225 ms,1998 kB/s
162.159.138.44,8443,true,HKG,Asia Pacific,Hong Kong,46 ms,1993 kB/s
104.19.104.15,8443,true,SJC,North America,San Jose,225 ms,1991 kB/s
104.19.104.173,8443,true,SJC,North America,San Jose,226 ms,1985 kB/s
162.159.140.167,8443,true,HKG,Asia Pacific,Hong Kong,77 ms,1982 kB/s
104.19.104.108,8443,true,LAX,North America,Los Angeles,190 ms,1975 kB/s
162.159.138.45,8443,true,HKG,Asia Pacific,Hong Kong,77 ms,1961 kB/s
162.159.140.156,8443,true,HKG,Asia Pacific,Hong Kong,64 ms,1951 kB/s
162.159.140.191,8443,true,HKG,Asia Pacific,Hong Kong,52 ms,1946 kB/s
162.159.142.39,8443,true,HKG,Asia Pacific,Hong Kong,52 ms,1944 kB/s
162.159.142.218,8443,true,HKG,Asia Pacific,Hong Kong,58 ms,1943 kB/s
162.159.138.24,8443,true,HKG,Asia Pacific,Hong Kong,51 ms,1936 kB/s
162.159.142.40,8443,true,HKG,Asia Pacific,Hong Kong,53 ms,1932 kB/s
162.159.138.136,8443,true,HKG,Asia Pacific,Hong Kong,72 ms,1927 kB/s
162.159.142.88,8443,true,HKG,Asia Pacific,Hong Kong,70 ms,1925 kB/s
104.19.104.48,8443,true,LAX,North America,Los Angeles,239 ms,1918 kB/s
162.159.142.235,8443,true,HKG,Asia Pacific,Hong Kong,63 ms,1918 kB/s
104.19.103.211,8443,true,LAX,North America,Los Angeles,215 ms,1916 kB/s
104.19.103.238,8443,true,LAX,North America,Los Angeles,222 ms,1894 kB/s
104.19.103.229,8443,true,LAX,North America,Los Angeles,204 ms,1886 kB/s
104.19.104.165,8443,true,LAX,North America,Los Angeles,200 ms,1884 kB/s
162.159.138.180,8443,true,HKG,Asia Pacific,Hong Kong,55 ms,1875 kB/s
162.159.138.152,8443,true,HKG,Asia Pacific,Hong Kong,52 ms,1854 kB/s
162.159.138.154,8443,true,HKG,Asia Pacific,Hong Kong,54 ms,1848 kB/s
162.159.142.214,8443,true,HKG,Asia Pacific,Hong Kong,51 ms,1847 kB/s
162.159.142.52,8443,true,HKG,Asia Pacific,Hong Kong,57 ms,1831 kB/s
104.19.103.225,8443,true,LAX,North America,Los Angeles,206 ms,1830 kB/s
104.19.104.174,8443,true,LAX,North America,Los Angeles,201 ms,1810 kB/s
104.19.104.198,8443,true,LAX,North America,Los Angeles,192 ms,1807 kB/s
104.19.103.243,8443,true,LAX,North America,Los Angeles,209 ms,1799 kB/s
162.159.142.196,8443,true,HKG,Asia Pacific,Hong Kong,58 ms,1796 kB/s
104.19.104.177,8443,true,SJC,North America,San Jose,143 ms,1790 kB/s
162.159.142.53,8443,true,HKG,Asia Pacific,Hong Kong,68 ms,1777 kB/s
104.19.103.237,8443,true,SJC,North America,San Jose,224 ms,1775 kB/s
162.159.138.187,8443,true,HKG,Asia Pacific,Hong Kong,62 ms,1767 kB/s
162.159.140.74,8443,true,HKG,Asia Pacific,Hong Kong,51 ms,1764 kB/s
104.19.103.206,8443,true,LAX,North America,Los Angeles,206 ms,1763 kB/s
162.159.142.68,8443,true,HKG,Asia Pacific,Hong Kong,119 ms,1759 kB/s
104.19.103.215,8443,true,LAX,North America,Los Angeles,209 ms,1758 kB/s
162.159.142.208,8443,true,HKG,Asia Pacific,Hong Kong,54 ms,1752 kB/s
104.19.104.96,8443,true,LAX,North America,Los Angeles,227 ms,1739 kB/s
104.19.103.255,8443,true,SJC,North America,San Jose,210 ms,1729 kB/s
104.19.104.71,8443,true,LAX,North America,Los Angeles,212 ms,1729 kB/s
104.19.103.244,8443,true,LAX,North America,Los Angeles,205 ms,1726 kB/s
162.159.142.125,8443,true,HKG,Asia Pacific,Hong Kong,66 ms,1726 kB/s
162.159.140.148,8443,true,HKG,Asia Pacific,Hong Kong,58 ms,1712 kB/s
162.159.142.169,8443,true,HKG,Asia Pacific,Hong Kong,53 ms,1706 kB/s
162.159.142.145,8443,true,HKG,Asia Pacific,Hong Kong,60 ms,1706 kB/s
104.19.103.221,8443,true,LAX,North America,Los Angeles,196 ms,1704 kB/s
162.159.142.47,8443,true,HKG,Asia Pacific,Hong Kong,60 ms,1702 kB/s
162.159.142.130,8443,true,HKG,Asia Pacific,Hong Kong,67 ms,1689 kB/s
104.19.103.253,8443,true,LAX,North America,Los Angeles,214 ms,1685 kB/s
162.159.142.227,8443,true,HKG,Asia Pacific,Hong Kong,57 ms,1675 kB/s
104.19.104.164,8443,true,LAX,North America,Los Angeles,220 ms,1673 kB/s
104.19.103.149,8443,true,LAX,North America,Los Angeles,205 ms,1653 kB/s
104.19.103.202,8443,true,LAX,North America,Los Angeles,218 ms,1620 kB/s
162.159.142.154,8443,true,HKG,Asia Pacific,Hong Kong,73 ms,1619 kB/s
104.19.103.227,8443,true,LAX,North America,Los Angeles,197 ms,1606 kB/s
104.19.103.242,8443,true,SJC,North America,San Jose,162 ms,1595 kB/s
162.159.140.130,8443,true,HKG,Asia Pacific,Hong Kong,60 ms,1592 kB/s
162.159.138.114,8443,true,HKG,Asia Pacific,Hong Kong,69 ms,1572 kB/s
104.19.103.228,8443,true,SJC,North America,San Jose,209 ms,1572 kB/s
104.19.103.223,8443,true,LAX,North America,Los Angeles,207 ms,1571 kB/s
162.159.138.23,8443,true,HKG,Asia Pacific,Hong Kong,138 ms,1566 kB/s
162.159.138.99,8443,true,HKG,Asia Pacific,Hong Kong,52 ms,1560 kB/s
162.159.140.199,8443,true,HKG,Asia Pacific,Hong Kong,59 ms,1535 kB/s
104.19.103.234,8443,true,LAX,North America,Los Angeles,214 ms,1508 kB/s
104.19.104.149,8443,true,LAX,North America,Los Angeles,197 ms,1487 kB/s
104.19.104.191,8443,true,LAX,North America,Los Angeles,187 ms,1482 kB/s
104.19.104.241,8443,true,SJC,North America,San Jose,202 ms,1482 kB/s
104.19.104.115,8443,true,LAX,North America,Los Angeles,189 ms,1464 kB/s
104.19.103.34,8443,true,LAX,North America,Los Angeles,207 ms,1459 kB/s
162.159.142.104,8443,true,HKG,Asia Pacific,Hong Kong,157 ms,1442 kB/s
104.19.103.240,8443,true,SJC,North America,San Jose,207 ms,1439 kB/s
104.19.103.207,8443,true,LAX,North America,Los Angeles,207 ms,1428 kB/s
162.159.142.160,8443,true,HKG,Asia Pacific,Hong Kong,52 ms,1426 kB/s
104.19.104.227,8443,true,LAX,North America,Los Angeles,203 ms,1423 kB/s
104.19.104.189,8443,true,SJC,North America,San Jose,204 ms,1393 kB/s
162.159.138.67,8443,true,HKG,Asia Pacific,Hong Kong,46 ms,1388 kB/s
104.19.103.235,8443,true,LAX,North America,Los Angeles,213 ms,1379 kB/s
104.19.103.224,8443,true,LAX,North America,Los Angeles,213 ms,1358 kB/s
104.19.103.113,8443,true,LAX,North America,Los Angeles,202 ms,1323 kB/s
162.159.142.249,8443,true,HKG,Asia Pacific,Hong Kong,71 ms,1304 kB/s
162.159.142.251,8443,true,HKG,Asia Pacific,Hong Kong,51 ms,1296 kB/s
162.159.142.141,8443,true,HKG,Asia Pacific,Hong Kong,53 ms,1285 kB/s
104.19.104.78,8443,true,LAX,North America,Los Angeles,211 ms,1283 kB/s
104.19.103.233,8443,true,LAX,North America,Los Angeles,222 ms,1277 kB/s
162.159.142.188,8443,true,HKG,Asia Pacific,Hong Kong,48 ms,1262 kB/s
162.159.142.197,8443,true,HKG,Asia Pacific,Hong Kong,59 ms,1224 kB/s
104.19.103.230,8443,true,LAX,North America,Los Angeles,212 ms,1222 kB/s
104.19.103.241,8443,true,LAX,North America,Los Angeles,205 ms,1161 kB/s
162.159.138.135,8443,true,HKG,Asia Pacific,Hong Kong,73 ms,1112 kB/s
104.19.104.162,8443,true,LAX,North America,Los Angeles,201 ms,1023 kB/s
104.19.104.195,8443,true,LAX,North America,Los Angeles,207 ms,1016 kB/s
104.19.103.231,8443,true,LAX,North America,Los Angeles,197 ms,1009 kB/s
162.159.138.141,8443,true,HKG,Asia Pacific,Hong Kong,52 ms,988 kB/s
104.19.104.197,8443,true,LAX,North America,Los Angeles,207 ms,877 kB/s
104.19.103.219,8443,true,LAX,North America,Los Angeles,210 ms,839 kB/s
104.19.103.250,8443,true,LAX,North America,Los Angeles,212 ms,757 kB/s
104.19.103.248,8443,true,SJC,North America,San Jose,191 ms,726 kB/s
162.159.140.31,8443,true,HKG,Asia Pacific,Hong Kong,48 ms,680 kB/s
162.159.142.192,8443,true,HKG,Asia Pacific,Hong Kong,53 ms,615 kB/s
104.19.104.163,8443,true,LAX,North America,Los Angeles,193 ms,606 kB/s
162.159.138.72,8443,true,HKG,Asia Pacific,Hong Kong,50 ms,488 kB/s
104.19.103.236,8443,true,LAX,North America,Los Angeles,201 ms,406 kB/s
104.19.104.18,8443,true,LAX,North America,Los Angeles,243 ms,373 kB/s
162.159.142.85,8443,true,HKG,Asia Pacific,Hong Kong,84 ms,340 kB/s
104.19.104.47,8443,true,LAX,North America,Los Angeles,208 ms,335 kB/s
162.159.142.108,8443,true,HKG,Asia Pacific,Hong Kong,62 ms,182 kB/s
162.159.138.83,8443,true,HKG,Asia Pacific,Hong Kong,178 ms,32 kB/s
104.19.103.246,8443,true,LAX,North America,Los Angeles,202 ms,14 kB/s
162.159.138.86,8443,true,HKG,Asia Pacific,Hong Kong,54 ms,0 kB/s
162.159.142.157,8443,true,HKG,Asia Pacific,Hong Kong,191 ms,0 kB/s
162.159.142.221,8443,true,HKG,Asia Pacific,Hong Kong,89 ms,0 kB/s
162.159.142.64,8443,true,HKG,Asia Pacific,Hong Kong,44 ms,0 kB/s
104.19.104.209,8443,true,LAX,North America,Los Angeles,192 ms,0 kB/s
104.19.104.201,8443,true,LAX,North America,Los Angeles,208 ms,0 kB/s
104.19.104.211,8443,true,SJC,North America,San Jose,173 ms,0 kB/s
162.159.142.239,8443,true,HKG,Asia Pacific,Hong Kong,55 ms,0 kB/s
162.159.142.81,8443,true,HKG,Asia Pacific,Hong Kong,70 ms,0 kB/s
162.159.140.33,8443,true,HKG,Asia Pacific,Hong Kong,50 ms,0 kB/s
104.19.103.44,8443,true,LAX,North America,Los Angeles,195 ms,0 kB/s
104.19.103.42,8443,true,LAX,North America,Los Angeles,212 ms,0 kB/s
162.159.140.8,8443,true,HKG,Asia Pacific,Hong Kong,63 ms,0 kB/s
162.159.140.147,8443,true,HKG,Asia Pacific,Hong Kong,64 ms,0 kB/s
162.159.140.205,8443,true,HKG,Asia Pacific,Hong Kong,69 ms,0 kB/s
162.159.142.66,8443,true,HKG,Asia Pacific,Hong Kong,114 ms,0 kB/s
162.159.142.98,8443,true,HKG,Asia Pacific,Hong Kong,54 ms,0 kB/s
162.159.140.145,8443,true,HKG,Asia Pacific,Hong Kong,56 ms,0 kB/s
162.159.140.6,8443,true,HKG,Asia Pacific,Hong Kong,49 ms,0 kB/s
162.159.140.82,8443,true,HKG,Asia Pacific,Hong Kong,58 ms,0 kB/s
162.159.140.116,8443,true,HKG,Asia Pacific,Hong Kong,146 ms,0 kB/s
162.159.142.229,8443,true,HKG,Asia Pacific,Hong Kong,118 ms,0 kB/s
104.19.103.56,8443,true,SJC,North America,San Jose,200 ms,0 kB/s
162.159.140.96,8443,true,HKG,Asia Pacific,Hong Kong,46 ms,0 kB/s
162.159.140.73,8443,true,HKG,Asia Pacific,Hong Kong,66 ms,0 kB/s
162.159.142.23,8443,true,HKG,Asia Pacific,Hong Kong,53 ms,0 kB/s
162.159.138.157,8443,true,HKG,Asia Pacific,Hong Kong,67 ms,0 kB/s
162.159.140.224,8443,true,HKG,Asia Pacific,Hong Kong,66 ms,0 kB/s
162.159.138.93,8443,true,HKG,Asia Pacific,Hong Kong,56 ms,0 kB/s
162.159.138.184,8443,true,HKG,Asia Pacific,Hong Kong,54 ms,0 kB/s
162.159.142.222,8443,true,HKG,Asia Pacific,Hong Kong,116 ms,0 kB/s
162.159.140.188,8443,true,HKG,Asia Pacific,Hong Kong,181 ms,0 kB/s
162.159.140.76,8443,true,HKG,Asia Pacific,Hong Kong,59 ms,0 kB/s
162.159.140.54,8443,true,HKG,Asia Pacific,Hong Kong,67 ms,0 kB/s
162.159.142.184,8443,true,HKG,Asia Pacific,Hong Kong,53 ms,0 kB/s
104.19.104.182,8443,true,SJC,North America,San Jose,207 ms,0 kB/s
162.159.142.119,8443,true,HKG,Asia Pacific,Hong Kong,84 ms,0 kB/s
162.159.142.133,8443,true,HKG,Asia Pacific,Hong Kong,46 ms,0 kB/s
162.159.138.104,8443,true,HKG,Asia Pacific,Hong Kong,52 ms,0 kB/s
162.159.140.189,8443,true,HKG,Asia Pacific,Hong Kong,181 ms,0 kB/s
162.159.140.30,8443,true,HKG,Asia Pacific,Hong Kong,60 ms,0 kB/s
162.159.142.99,8443,true,HKG,Asia Pacific,Hong Kong,190 ms,0 kB/s
162.159.140.175,8443,true,HKG,Asia Pacific,Hong Kong,144 ms,0 kB/s
104.19.103.90,8443,true,LAX,North America,Los Angeles,219 ms,0 kB/s
162.159.140.210,8443,true,HKG,Asia Pacific,Hong Kong,51 ms,0 kB/s
162.159.138.107,8443,true,HKG,Asia Pacific,Hong Kong,68 ms,0 kB/s
162.159.142.16,8443,true,HKG,Asia Pacific,Hong Kong,43 ms,0 kB/s
104.19.103.247,8443,true,LAX,North America,Los Angeles,220 ms,0 kB/s
104.19.104.159,8443,true,LAX,North America,Los Angeles,205 ms,0 kB/s
162.159.142.139,8443,true,HKG,Asia Pacific,Hong Kong,50 ms,0 kB/s
162.159.142.207,8443,true,HKG,Asia Pacific,Hong Kong,55 ms,0 kB/s
162.159.140.203,8443,true,HKG,Asia Pacific,Hong Kong,70 ms,0 kB/s
162.159.142.199,8443,true,HKG,Asia Pacific,Hong Kong,58 ms,0 kB/s
104.19.103.111,8443,true,LAX,North America,Los Angeles,199 ms,0 kB/s
162.159.142.11,8443,true,HKG,Asia Pacific,Hong Kong,49 ms,0 kB/s
104.19.103.222,8443,true,LAX,North America,Los Angeles,204 ms,0 kB/s
162.159.140.194,8443,true,HKG,Asia Pacific,Hong Kong,61 ms,0 kB/s
104.19.103.249,8443,true,LAX,North America,Los Angeles,212 ms,0 kB/s
162.159.140.184,8443,true,HKG,Asia Pacific,Hong Kong,93 ms,0 kB/s
162.159.142.142,8443,true,HKG,Asia Pacific,Hong Kong,53 ms,0 kB/s
162.159.140.181,8443,true,HKG,Asia Pacific,Hong Kong,70 ms,0 kB/s
162.159.142.134,8443,true,HKG,Asia Pacific,Hong Kong,51 ms,0 kB/s
